5240,:),,,
5193,vo,,,
4458,(),,,
3280,:D,,,
1645,:p,,,
1525,:(,,,
1433,(o),,,
1402,Do,,,
1107,--,,,
1089,;),,,
1040,-_-,,,
1028,OO,,,
1023,<3,,,
893,Vo,,,
837,v.,,,
685,^^,,,
665,voo,,,
585,v,,,
584,:P,,,
541,:)),,,
530,(^o^),,,
511,DO,,,
510,:*,,,
491,**,,,
467,(_),,,
448,(:,,,
438,xp,,,
434,(^^),,,
403,(`),,,
392,:3,,,
389,:-),,,
375,:/,,,
349,O,,,
346,(**),,,
340,xD,,,
340,v!,,,
338,*-*,,,
337,:'(,,,
333,xo,,,
326,D:,,,
304,D.,,,
303,xx,,,
301,OD,,,
294,XD,,,
288,-.-,,,
286,=)),,,
285,Do',,,
283,OV,,,
280,Oo,,,
279,O!,,,
271,Dp,,,
269,(@,,,
261,O.,,,
260,v:,,,
258,vz,,,
257,Op,,,
249,(o,,,
244,Dv,,,
242,v?,,,
240,vo.,,,
240,#NAME?,,,
239,D,,,
237,D?,,,
235,=),,,
234,(>_<),,,
231,-__-,,,
226,::,,,
225,:'),,,
217,vv,,,
216,D!,,,
205,:O,,,
203,vo,,,
198,(*^^*),,,
196,Doo,,,
195,(*),,,
191,-,,,
190,VO,,,
189,:|,,,
187,(^O^),,,
185,;D,,,
182,><,,,
179,:o,,,
176,v...,,,
167,Ov,,,
164,#NAME?,,,
160,(v,,,
158,;p,,,
157,v',,,
157,*p,,,
153,()(),,,
152,x,,,
147,(;),,,
146,xpo,,,
145,OP,,,
145,;-),,,
143,-,,,
142,DD,,,
141,xxx,,,
141,-___-,,,
140,(`,,,
138,:$,,,
136,*o,,,
135,(.),,,
133,x.,,,
128,"--""",,,
125,"(_"")",,,
125,-.,,,
122,O:,,,
120,#NAME?,,,
119,:))),,,
115,vo!,,,
108,;;),,,
102,--',,,
100,vvo,,,
98,^_^,,,
97,V:,,,
97,DVD,,,
97,D...,,,
96,\(`)/,,,
95,vp,,,
95,>>,,,
94,V,,,
93,x!,,,
93,-8,,,
92,(^-^),,,
92,-->,,,
91,v..,,,
91,(p,,,
90,D',,,
90,(?),,,
89,-3,,,
88,x-,,,
85,"-_-""",,,
83,vov,,,
82,-),,,
81,08:00,,,
81,-____-,,,
80,V.,,,
80,(_`),,,
80,>.<,,,
79,\/,,,
78,8,,,
78,(^-^)/,,,
78,;*,,,
77,*o*,,,
77,-8,,,
74,DP,,,
73,:@,,,
72,xv,,,
72,Vo:,,,
72,:-D,,,
71,Voo,,,
71,OB,,,
71,:-(,,,
70,DV,,,
70,(.,,,
69,*p*,,,
69,->,,,
68,*),,,
68,()`),,,
68,:],,,
67,O!!,,,
67,Dpo,,,
65,VP,,,
65,(-),,,
64,(*`*),,,
64,(;,,,
63,V',,,
63,O!!!,,,
63,:.,,,
63,--,,,
63,_),,,
62,vo?,,,
62,O...,,,
62,(^_^;),,,
62,:((,,,
61,OOO,,,
61,OOD,,,
61,((,,,
61,(''),,,
60,D!!,,,
60,(_,,,
59,v!!,,,
59,Dz,,,
59,-:,,,
58,Ooo,,,
58,O',,,
57,(P,,,
57,(o^^o),,,
57,(,,,
57,=))),,,
56,(^),,,
56,;;,,,
55,x),,,
55,V!,,,
55,Do,,,
55,(-_-),,,
54,vo:,,,
54,8,,,
53,;(,,,
53,--->,,,
52,vo...,,,
52,(;_;),,,
51,(@poo,,,
51,O?,,,
51,88,,,
51,(^_^),,,
50,vop,,,
50,v!!!,,,
50,\o/,,,
49,VD,,,
49,ODO,,,
49,":""",,,
49,=(,,,
48,</3,,,
47,:DD,,,
46,#NAME?,,,
46,__,,,
45,:x,,,
45,O..,,,
45,:9,,,
45,^^;,,,
44,x_x,,,
44,x?,,,
44,x:,,,
44,:B,,,
44,(--),,,
43,Vv,,,
43,D-,,,
43,():,,,
43,(),,,
43,(',,,
43,(/,,,
43,(`)-,,,
42,;P,,,
42,\()/,,,
41,Xx,,,
41,(*^o^*),,,
41,Dvo,,,
41,:,,,
41,>>>,,,
40,(P),,,
40,Dvop,,,
40,<33,,,
40,(~)~,,,
40,=/,,,
39,vzo,,,
39,Do.,,,
39,D..,,,
39,(3,,,
39,(_'!),,,
38,xxxx,,,
38,Vz,,,
38,OZ,,,
38,Oz,,,
38,Opo,,,
38,(oo),,,
38,(:),,,
38,(;;),,,
38,":"">",,,
38,-...,,,
38,-..-,,,
38,--.,,,
38,---,,,
37,v-,,,
37,Do:,,,
37,#NAME?,,,
37,*_*,,,
37,(*`),,,
37,:>,,,
36,vx,,,
36,*po,,,
36,Dx,,,
36,89,,,
36,()　,,,
36,(..),,,
36,(/),,,
36,-!,,,
35,Xox,,,
35,*oo,,,
35,#NAME?,,,
35,Dop,,,
35,-_____-,,,
35,>_<,,,
34,x...,,,
34,(p),,,
34,(@o,,,
34,DOO,,,
34,D!!!,,,
34,8%,,,
34,()/,,,
34,:)))),,,
34,<>,,,
34,<<,,,
33,":D""",,,
33,*--*,,,
33,()!!,,,
33,:).,,,
33,:',,,
33,<--,,,
32,"v""",,,
32,(v:,,,
32,#NAME?,,,
32,({}),,,
32,(><),,,
32,:\,,,
32,":)""",,,
32,;)),,,
31,X-,,,
31,O:),,,
31,DB,,,
31,(B),,,
31,-9,,,
31,83,,,
31,-8,,,
31,(*_*),,,
31,(*^_^*),,,
31,:...,,,
30,xDD,,,
30,voz,,,
30,v),,,
30,(O,,,
30,#NAME?,,,
30,(B,,,
30,^.^,,,
29,xp.,,,
29,#NAME?,,,
29,O.o,,,
29,O!!!!,,,
29,Dov,,,
29,DO',,,
29,8),,,
29,(()),,,
28,O_o,,,
28,()()(),,,
28,_:,,,
27,x..,,,
27,8p,,,
27,8/,,,
27,*.*,,,
27,(^^)/,,,
27,=)))),,,
27,=>,,,
26,Vp,,,
26,vo',,,
26,Oo,,,
26,-3,,,
26,\(^^)/,,,
26,"()""",,,
26,(^,,,
26,----,,,
25,XP,,,
25,x!!,,,
25,vz,,,
25,Vo.,,,
25,:-P,,,
25,OX,,,
25,"O""",,,
25,:'D,,,
25,#NAME?,,,
25,08:03,,,
25,<333,,,
25,(#^.^#),,,
25,(-,,,
25,(^^;,,,
25,;/,,,
25,>,,,
25,=],,,
25,==,,,
25,<<<,,,
24,Xo,,,
24,xo.,,,
24,Vvo,,,
24,v....,,,
24,#NAME?,,,
24,OO!,,,
24,(oo,,,
24,Doov,,,
24,:-/,,,
24,"-""",,,
24,-',,,
24,^),,,
23,;x,,,
23,Vo,,,
23,;O,,,
23,(^o^)/,,,
23,DX,,,
23,"D""",,,
23,(D),,,
23,***,,,
23,(^^;),,,
23,":"")",,,
23,:-,,,
23,"-__-""",,,
22,xo,,,
22,Vo!,,,
22,V-,,,
22,O-,,,
22,(O),,,
22,DO!,,,
22,(9,,,
22,(8,,,
22,*:..,,,
22,:&,,,
22,:**,,,
22,;$,,,
22,;],,,
22,-.-',,,
22,-?,,,
22,-!!,,,
21,xxxxx,,,
21,xpv,,,
21,Vov,,,
21,vooo,,,
21,O.O,,,
21,O_O,,,
21,O),,,
21,;o,,,
21,_o,,,
21,Do!,,,
21,D),,,
21,(*,,,
20,X_X,,,
20,xoxo,,,
20,xox,,,
20,vz.,,,
20,vo..,,,
20,VDO,,,
20,().,,,
20,(,,,
20,-_-',,,
19,vovo,,,
19,V...,,,
19,(p):,,,
19,OOOO,,,
19,^o^,,,
19,(//),,,
19,(--,,,
19,(~),,,
19,(~_~;),,,
19,(^^;;,,,
19,;**,,,
18,#NAME?,,,
18,Xxx,,,
18,XX,,,
18,xp,,,
18,XDD,,,
18,X:,,,
18,vpoo,,,
18,voo,,,
18,Vo',,,
18,vo!!,,,
18,V),,,
18,V?,,,
18,Ovo,,,
18,OO.,,,
18,(o,,,
18,DVO,,,
18,D!!!!!!,,,
18,-3-,,,
18,****,,,
18,()-<_),,,
18,((),,,
18,"("")",,,
18,(////),,,
18,":(""",,,
18,"-.-""",,,
18,--?,,,
18,"-___-""",,,
18,=.=,,,
17,VV,,,
17,voo!,,,
17,#NAME?,,,
17,(Po,,,
17,OD.,,,
17,-9,,,
17,:8,,,
17,"(""",,,
17,('`),,,
17,(...,,,
17,(__),,,
17,(=)(=),,,
17,(=,,,
17,(^^,,,
17,:))))),,,
17,:(((,,,
17,:?,,,
17,;_;,,,
17,-(`)/,,,
17,<-,,,
16,xpo,,,
16,VB,,,
16,Ox,,,
16,OODO,,,
16,OBO,,,
16,#NAME?,,,
16,DOOD,,,
16,(:8),,,
16,<3<3,,,
16,\\,,,
16,\(`)-,,,
16,"\""",,,
16,*---*,,,
16,(_)\('',,,
16,(_;),,,
16,:-*,,,
15,x',,,
15,(x,,,
15,voo.,,,
15,"vo""",,,
15,V!!!,,,
15,(po,,,
15,OPO,,,
15,Op,,,
15,O....,,,
15,*O*,,,
15,Doo:,,,
15,(D,,,
15,8D,,,
15,"8""",,,
15,(;`),,,
15,(--;,,,
15,(--,,,
15,(-_-;),,,
15,(^_-),,,
15,(`*),,,
15,:!,,,
15,--...,,,
15,---.,,,
14,xDDD,,,
14,x-,,,
14,(x),,,
14,vo!!!,,,
14,#NAME?,,,
14,"v.""",,,
14,v/,,,
14,(v),,,
14,(^p^),,,
14,#NAME?,,,
14,DO.,,,
14,8...,,,
14,8?,,,
14,(8',,,
14,_(:3,,,
14,(((,,,
14,((:,,,
14,(...),,,
14,(;;`),,,
14,(>-<),,,
13,xoo,,,
13,X.,,,
13,VOO,,,
13,#NAME?,,,
13,Oxo,,,
13,OVO,,,
13,OOO!,,,
13,OO,,,
13,OD:,,,
13,#NAME?,,,
13,\o,,,
13,#NAME?,,,
13,-o-,,,
13,DOD,,,
13,Do?,,,
13,D(),,,
13,:D,,,
13,(B):,,,
13,888,,,
13,;3,,,
13,(@),,,
13,()(,,,
13,()!,,,
13,(-,,,
13,(--;),,,
13,(--`),,,
13,(=^^=),,,
13,(^-^;,,,
13,^__^,,,
12,(z,,,
12,XV,,,
12,Xp,,,
12,XO,,,
12,xo!,,,
12,X3,,,
12,x....,,,
12,Vx,,,
12,vo*,,,
12,v??,,,
12,*v,,,
12,(v.,,,
12,(^-^)v,,,
12,(po),,,
12,OV.,,,
12,Op.,,,
12,*op,,,
12,OD!,,,
12,O(),,,
12,(^_^o),,,
12,DZ,,,
12,Doo,,,
12,DDD,,,
12,D;,,,
12,(3//).,,,
12,(:3),,,
12,::3,,,
12,(*''*),,,
12,"(""_)",,,
12,(--_--),,,
12,(^.^),,,
12,:):),,,
12,:((((,,,
12,;;;,,,
12,;-)),,,
12,-()/,,,
12,--:,,,
12,___,,,
12,>>>>,,,
12,"==""",,,
12,^-^,,,
12,^_^;),,,
12,^^*,,,
11,#NAME?,,,
11,xxxxxx,,,
11,xpoo,,,
11,X,,,
11,((x)),,,
11,Vzo,,,
11,Vovo,,,
11,(vo),,,
11,V3,,,
11,(^_^)v,,,
11,Ozo,,,
11,OVB,,,
11,Oooo,,,
11,OOB,,,
11,OO!!,,,
11,Oo.,,,
11,O?!,,,
11,(^O^)/,,,
11,(;o;),,,
11,D8,,,
11,D!!!!,,,
11,:D.,,,
11,8.3,,,
11,8..,,,
11,8::,,,
11,"*""",,,
11,(　),,,
11,()),,,
11,()(`),,,
11,(..,,,
11,(!),,,
11,(^^)(),,,
11,(^^)-,,,
11,(`)/,,,
11,:},,,
11,":""(",,,
11,-@,,,
11,-..,,,
11,=*,,,
11,=))))),,,
11,<---,,,
10,xp...,,,
10,XDDD,,,
10,X(,,,
10,x-!,,,
10,VZ,,,
10,vv.,,,
10,VO.,,,
10,v!!!!,,,
10,:PP,,,
10,#NAME?,,,
10,":p""",,,
10,:-p,,,
10,OVD,,,
10,Oppo,,,
10,Opp,,,
10,*oo*,,,
10,(@o),,,
10,:o),,,
10,#NAME?,,,
10,Dpp,,,
10,Dop:,,,
10,DO!!!,,,
10,Do..,,,
10,DDO,,,
10,:D:D,,,
10,(Bo,,,
10,8PPPP,,,
10,08-08-2008,,,
10,8　,,,
10,8!,,,
10,<3333,,,
10,_(:3)_,,,
10,*.,,,
10,(*^^),,,
10,()(^^),,,
10,(_''),,,
10,(=),,,
10,:)!,,,
10,:(),,,
10,::,,,
10,-(),,,
10,-,-,,
10,--!,,,
10,____,,,
10,>:,,,
10,<<<<,,,
10,<~,,,
9,xz,,,
9,xP,,,
9,x3,,,
9,x!!!,,,
9,x-.,,,
9,VX,,,
9,vo),,,
9,#NAME?,,,
9,VDD,,,
9,(V,,,
9,(^^)v,,,
9,*P,,,
9,(ov,,,
9,OPO:,,,
9,OOP,,,
9,OD,,,
9,(o),,,
9,Dpooo,,,
9,:DDD,,,
9,8B,,,
9,(3:),,,
9,(^3^)/,,,
9,\(!!)/,,,
9,(@@),,,
9,()　(),,,
9,((((,,,
9,"(""`)-",,,
9,('',,,
9,(_)(_),,,
9,(^_^;,,,
9,:***,,,
9,://,,,
9,:::,,,
9,:-)),,,
9,;))),,,
9,-)-,,,
9,-'-,,,
9,--),,,
9,"_""",,,
9,>..<,,,
9,><',,,
9,=,,,
9,==>,,,
9,^___^,,,
9,^_^;,,,
9,^^!,,,
8,*z,,,
8,xvo,,,
8,#NAME?,,,
8,vvo,,,
8,vv,,,
8,vox,,,
8,vo....,,,
8,VDO:,,,
8,VB!,,,
8,V!!,,,
8,<PP>,,,
8,#NAME?,,,
8,Op!,,,
8,OOOOOO,,,
8,OOOOO,,,
8,OB,,,
8,\(^o^)/,,,
8,Dzz,,,
8,Dv:,,,
8,D-P,,,
8,Dp:,,,
8,DoxDP:,,,
8,DOB,,,
8,Do...,,,
8,D....,,,
8,D/,,,
8,D!!!!!,,,
8,*D,,,
8,08-Mar,,,
8,8',,,
8,\()-,,,
8,*!,,,
8,*-----*,,,
8,*__*,,,
8,*___*,,,
8,(+),,,
8,()-<),,,
8,"(."")",,,
8,(/)/,,,
8,(/):,,,
8,(_)!,,,
8,(_;,,,
8,(==),,,
8,:　,,,
8,::.,,,
8,:-|,,,
8,:<,,,
8,:~,,,
8,;@,,,
8,;;;;,,,
8,-*-,,,
8,-*,,,
8,-_--,,,
8,>>>>>,,,
8,=$,,,
8,=.,,,
8,<(,,,
8,^^),,,
8,^^~,,,
7,\z,,,
7,Xxxx,,,
7,xpo.,,,
7,xp:,,,
7,x-o,,,
7,"x""",,,
7,#NAME?,,,
7,Vz,,,
7,VVO,,,
7,vv:,,,
7,vpo,,,
7,VO!,,,
7,Vo],,,
7,Vo),,,
7,"vo.""",,,
7,(vo,,,
7,V-Bo,,,
7,V..,,,
7,v;,,,
7,#NAME?,,,
7,*pp,,,
7,#NAME?,,,
7,#NAME?,,,
7,#NAME?,,,
7,*po*,,,
7,*P*,,,
7,OZO,,,
7,OV,,,
7,(^o^)v,,,
7,OPP,,,
7,OpB,,,
7,OP!,,,
7,Oop,,,
7,OO!!!,,,
7,OO:,,,
7,OD!!,,,
7,O],,,
7,O/,,,
7,O??,,,
7,O!!!!!,,,
7,O;,,,
7,('o'),,,
7,(^o^,,,
7,-o:,,,
7,DPO,,,
7,Dpo:,,,
7,Dpo,,,
7,DPD:,,,
7,DO,,,
7,Do),,,
7,(@Do,,,
7,\=D/,,,
7,:D!,,,
7,8o,,,
7,8:),,,
7,:3:,,,
7,*-*,,,
7,*^^*,,,
7,(#,,,
7,(*-*),,,
7,()[],,,
7,()(**),,,
7,()...,,,
7,((())),,,
7,('^),,,
7,(._.),,,
7,(:_;),,,
7,"(-""-;)",,,
7,(-.-;),,,
7,(`)(`),,,
7,:),,,
7,:'(((,,,
7,:'((,,,
7,:''),,,
7,:'>,,,
7,::,,,
7,;***,,,
7,";)""",,,
7,;'),,,
7,-,,,
7,--'',,,
7,--..,,,
7,------>,,,
7,----->,,,
7,"-____-""",,,
7,_____,,,
7,>:(,,,
7,"><""",,,
7,='(,,,
7,==(,,,
6,_z,,,
6,xxxxxxx,,,
6,XXV,,,
6,xv:,,,
6,xpo:,,,
6,xD.,,,
6,X...,,,
6,X!,,,
6,vz...,,,
6,vvo.,,,
6,v.v,,,
6,VPP,,,
6,vp.,,,
6,VO:,,,
6,(Vo),,,
6,#NAME?,,,
6,vD,,,
6,"V""",,,
6,v*,,,
6,v(),,,
6,v???,,,
6,v:),,,
6,:pp,,,
6,:p.,,,
6,Ovv,,,
6,*ov,,,
6,*op*,,,
6,#NAME?,,,
6,Oo!,,,
6,-`.oO,,,
6,O,P,,
6,ODD,,,
6,OBOD,,,
6,O　,,,
6,O???,,,
6,"O!""",,,
6,-O!,,,
6,(o.,,,
6,(o;,,,
6,()(^o^),,,
6,(^o^;),,,
6,;o),,,
6,Dvop,,,
6,Dvoo,,,
6,Dv,,,
6,DPP,,,
6,DPD,,,
6,Dp!,,,
6,Doo.,,,
6,DO!!,,,
6,DO:,,,
6,D],,,
6,*B,,,
6,(B),,,
6,899,,,
6,898,,,
6,893,,,
6,833,,,
6,8+,,,
6,8(),,,
6,8//,,,
6,-8,,,
6,<3<3<3,,,
6,(3:3),,,
6,3,,,
6,<3.,,,
6,\(\),,,
6,\('')/,,,
6,*,,,
6,*----*,,,
6,*-,,,
6,(@_@),,,
6,()!!!,,,
6,()-,,,
6,(._.`),,,
6,(?,,,
6,(;)(),,,
6,(-;,,,
6,(=^^),,,
6,(<),,,
6,(^_^)/,,,
6,(^^^^),,,
6,(`;),,,
6,":*""",,,
6,:*:*,,,
6,":)""""",,,
6,:'',,,
6,:'|,,,
6,::::,,,
6,:;,,,
6,;'(,,,
6,;___;,,,
6,-...-,,,
6,-.,,,
6,-/-,,,
6,-;,,,
6,------,,,
6,-----,,,
6,---->,,,
6,-_-.,,,
6,#NAME?,,,
6,_',,,
6,>.>,,,
6,>.,,,
6,>:/,,,
6,#NAME?,,,
6,<(_,,,
6,<></>,,,
6,"^^""",,,
5,XXXXX,,,
5,X_x,,,
5,xpv...,,,
5,xpo!,,,
5,xp!,,,
5,X',,,
5,x/,,,
5,x-:,,,
5,VZO,,,
5,vzo.,,,
5,Vz:,,,
5,vvo?,,,
5,vvo!,,,
5,vv?,,,
5,Vpo,,,
5,Voz,,,
5,voz,,,
5,Vox,,,
5,voooo,,,
5,Voo.,,,
5,voo:,,,
5,VO,,,
5,Vo...,,,
5,Vo?,,,
5,vO,,,
5,v-o,,,
5,v3,,,
5,V;,,,
5,v.....,,,
5,v!!!!!,,,
5,v-.,,,
5,*v*,,,
5,(v,,,
5,(PP),,,
5,*pp*,,,
5,(pp),,,
5,(p,,,
5,#NAME?,,,
5,#NAME?,,,
5,_p,,,
5,^p^,,,
5,()oz,,,
5,Ov,,,
5,(ov),,,
5,OP:,,,
5,OOOO!,,,
5,OO?,,,
5,O-O,,,
5,(OO),,,
5,Oo',,,
5,O-o,,,
5,OD',,,
5,O3,,,
5,O):,,,
5,O;),,,
5,O,,,
5,O~,,,
5,\O/,,,
5,>:O,,,
5,(o):,,,
5,(o:,,,
5,(o;;,,,
5,(@o_),,,
5,_o_,,,
5,^o^),,,
5,Dz.,,,
5,Dv',,,
5,DP:,,,
5,Doz,,,
5,Dopp,,,
5,DOP,,,
5,DO?,,,
5,D,o,,
5,#NAME?,,,
5,:DDDD,,,
5,:D:D:D,,,
5,DD,,,
5,;DD,,,
5,DBO,,,
5,D:3,,,
5,D-3,,,
5,D3,,,
5,D　　,,,
5,D(,,,
5,D--,,,
5,D=,,,
5,:'-D,,,
5,(Bo),,,
5,#NAME?,,,
5,*B*,,,
5,(B,,,
5,8.&#xB;,,,
5,8PP,,,
5,8P,,,
5,8!!,,,
5,8--,,,
5,--8-,,,
5,<333333,,,
5,-3,,,
5,(^3^),,,
5,:3.,,,
5,3,,,
5,<3!,,,
5,^3^,,,
5,*\()/*,,,
5,*..,,,
5,*:,,,
5,(#`),,,
5,(&;&;),,,
5,(*)(*),,,
5,(*)(),,,
5,(*/*),,,
5,(*><*),,,
5,($,,,
5,(@_),,,
5,()*,,,
5,()(>_<),,,
5,()?,,,
5,()~,,,
5,(((())),,,
5,('),,,
5,"(-_-"")",,,
5,(_'!|),,,
5,(>.<),,,
5,(^^*),,,
5,(`)!!,,,
5,:#,,,
5,:*({}),,,
5,:(..,,,
5,:(:(:(,,,
5,:(:(,,,
5,":""))",,,
5,":'(""",,,
5,:'''(,,,
5,:....,,,
5,:!!,,,
5,:-))),,,
5,;)))),,,
5,;;;;;,,,
5,;__;,,,
5,;>,,,
5,"-/""",,,
5,-//-,,,
5,-/,,,
5,-`,,,
5,_)>,,,
5,_/,,,
5,=%,,,
5,=[]=,,,
5,=[,,,
5,===>,,,
5,<==,,,
5,^.~,,,
4,\(`)/ ,,,
4,xZo,,,
4,XXX,,,
4,xXx,,,
4,xpo..,,,
4,XPD,,,
4,xp?,,,
4,xoxox,,,
4,XOXO,,,
4,x,,,
4,XDDDD,,,
4,xDDDD,,,
4,XD.,,,
4,XD~,,,
4,(xB),,,
4,X9,,,
4,x9,,,
4,X),,,
4,X-:,,,
4,:X,,,
4,;X,,,
4,x$,,,
4,x)),,,
4,x(,,,
4,"x.""",,,
4,x???,,,
4,x??,,,
4,x-!!!,,,
4,*x,,,
4,vz!,,,
4,vvv,,,
4,Vv.,,,
4,vv!,,,
4,v:p,,,
4,vov,,,
4,vopp,,,
4,vop.,,,
4,vooz,,,
4,Voo,,,
4,voo?,,,
4,voo!!,,,
4,VODO,,,
4,VOD,,,
4,vo!!!!,,,
4,vo:),,,
4,v...o,,,
4,VDO),,,
4,VDO-!!,,,
4,V9,,,
4,(V),,,
4,v.:,,,
4,"v?""",,,
4,v?!,,,
4,v:)),,,
4,v,,,
4,(v),,,
4,(@v,,,
4,-.-v,,,
4,^^v,,,
4,(@pox),,,
4,(Po),,,
4,(PD),,,
4,(P)\:,,,
4,(@p),,,
4,-p:,,,
4,Ox:,,,
4,"OV""",,,
4,Opo:,,,
4,Opo,,,
4,OP.,,,
4,Op...,,,
4,#NAME?,,,
4,(op),,,
4,(op,,,
4,(oov,,,
4,OoP,,,
4,*ooo*,,,
4,OO...,,,
4,#NAME?,,,
4,Oo..,,,
4,Oo:,,,
4,O'o,,,
4,(o><o),,,
4,(o^_^o),,,
4,:oo,,,
4,ODOO,,,
4,-O-D-O-,,,
4,OD...,,,
4,O-D,,,
4,OBDO,,,
4,OBB,,,
4,O!!!!!!,,,
4,O`,,,
4,*O,,,
4,(^O^)(),,,
4,^O^,,,
4,*o',,,
4,(@o_)',,,
4,()o,,,
4,(>o<),,,
4,(^o^)(),,,
4,:o:,,,
4,-o!,,,
4,-o--,,,
4,_o:,,,
4,<o,,,
4,((DZ)),,,
4,Dxxx:,,,
4,Dxo,,,
4,DVD,,,
4,DV9,,,
4,Dv.,,,
4,Dp.,,,
4,Dp,,,
4,Dovz,,,
4,DOOO,,,
4,Do+o+o,,,
4,(Doo,,,
4,DO(),,,
4,D-O,,,
4,Do!!,,,
4,Do-,,,
4,D'o,,,
4,D,,,
4,DDDD,,,
4,DD!,,,
4,DD-,,,
4,D-D,,,
4,#NAME?,,,
4,DB:,,,
4,D-B,,,
4,D　,,,
4,D*,,,
4,D.',,,
4,D???,,,
4,D??,,,
4,D?!,,,
4,D~,,,
4,:D),,,
4,;-D,,,
4,_D,,,
4,=))=D,,,
4,#NAME?,,,
4,#NAME?,,,
4,(B-B),,,
4,-93,,,
4,()9,,,
4,(:9),,,
4,8-O,,,
4,8::9,,,
4,08-Sep,,,
4,88,,,
4,(88,,,
4,-86,,,
4,8-),,,
4,::8,,,
4,:3p,,,
4,:38,,,
4,::3.3,,,
4,:33,,,
4,*3,,,
4,(-3-,,,
4,:)<3,,,
4,-3,,,
4,"<3""",,,
4,<3!!,,,
4,\(^_^)/,,,
4,\(,,,
4,******,,,
4,*****,,,
4,"**""",,,
4,*',,,
4,*!!!,,,
4,*-*',,,
4,*~*,,,
4,*^_^*,,,
4,(　`),,,
4,(　,,,
4,(+_+),,,
4,(%,,,
4,(**)(),,,
4,(*)!!,,,
4,()@,,,
4,()(*),,,
4,()(;),,,
4,()(_),,,
4,()..,,,
4,(((;))),,,
4,"(""!)",,,
4,(',,,
4,(.||,,,
4,(;)!!,,,
4,(-.-),,,
4,(-_-#),,,
4,(-_-,,,
4,(-^^-),,,
4,"(_)""",,,
4,(>_<)(),,,
4,(>_<)(,,,
4,(^-^,,,
4,(^_),,,
4,(^^`),,,
4,:{,,,
4,:)))))),,,
4,:)',,,
4,:(.,,,
4,:..,,,
4,:-?,,,
4,:_,,,
4,;).,,,
4,;)!,,,
4,;~;,,,
4,-+,,,
4,-)(,,,
4,-()-,,,
4,-.-.,,,
4,-.--,,,
4,-//,,,
4,-;),,,
4,#VALUE!,,,
4,--!!!,,,
4,--;,,,
4,--->>,,,
4,-->>,,,
4,-_-'',,,
4,_,,,
4,_-_,,,
4,______,,,
4,_`),,,
4,">""<",,,
4,>///<,,,
4,>//<,,,
4,>:)),,,
4,>_____<,,,
4,>_>,,,
4,>_<),,,
4,=)))))),,,
4,=;,,,
4,=_=,,,
4,==',,,
4,<-----,,,
4,<===,,,
4,<=,,,
4,<<<<<,,,
4,^///^,,,
4,^____^,,,
4,^^?,,,
4,^^,,,
3,(Z),,,
3,*z*,,,
3,(@z,,,
3,Xz,,,
3,XXXX,,,
3,xX,,,
3,xx:,,,
3,xx;,,,
3,x.x,,,
3,(x_x),,,
3,xv.,,,
3,xpv.,,,
3,xp..,,,
3,xp-,,,
3,xoxoxo,,,
3,xopo,,,
3,xooo,,,
3,XOO,,,
3,Xoo,,,
3,xO,,,
3,"xo""",,,
3,XD),,,
3,XBOX,,,
3,XB,,,
3,x8,,,
3,X!!,,,
3,(X),,,
3,x*,,,
3,x.....,,,
3,x~,,,
3,*x*,,,
3,(x),,,
3,Vzoo,,,
3,vzo,,,
3,vz:,,,
3,vpp,,,
3,vpo,,,
3,vp...,,,
3,vp?,,,
3,v,,,
3,#NAME?,,,
3,Vop,,,
3,voooo!,,,
3,Vooo,,,
3,vooo,,,
3,Voo!,,,
3,voo',,,
3,voo..,,,
3,vo...o,,,
3,v:oo,,,
3,v,,,
3,VO?,,,
3,Vo)',,,
3,Vo!!,,,
3,vo).,,,
3,vo/,,,
3,vo???,,,
3,vo?!,,,
3,v..o,,,
3,(VDO),,,
3,VD),,,
3,VD.,,,
3,V.D,,,
3,v-D,,,
3,VBOD,,,
3,V8,,,
3,V　,,,
3,V(,,,
3,V-.,,,
3,()V,,,
3,#NAME?,,,
3,v(*.*)^,,,
3,"v"".",,,
3,v/,,,
3,v?...,,,
3,v--,,,
3,v~,,,
3,(v...,,,
3,(*v*),,,
3,(*^^)v,,,
3,:v,,,
3,_v:,,,
3,_v,,,
3,*p-p,,,
3,;pp,,,
3,*poo*,,,
3,*poo,,,
3,(poo),,,
3,*Po,,,
3,(P-3),,,
3,:P),,,
3,":P""",,,
3,-P:,,,
3,(p).,,,
3,":p""@:",,,
3,#NAME?,,,
3,OX:,,,
3,OVD!,,,
3,OV-,,,
3,Ov',,,
3,(ov):,,,
3,#NAME?,,,
3,OPO!,,,
3,OPD,,,
3,OP...,,,
3,Op?,,,
3,:op,,,
3,Ooz,,,
3,OOP!,,,
3,Oop.,,,
3,*oop,,,
3,OOOOOOO,,,
3,OOOO.,,,
3,OOO!!!,,,
3,Ooo..,,,
3,Ooo,,,
3,*ooo,,,
3,(o^o^o),,,
3,(@ooo),,,
3,OO@D_,,,
3,OO3,,,
3,(OO,,,
3,(oo!,,,
3,(o)o,,,
3,(o`o),,,
3,-oo:,,,
3,-oo-,,,
3,ODOD,,,
3,ODO!,,,
3,ODO:,,,
3,ODO,,,
3,**oDo**,,,
3,OD),,,
3,OD!!!!,,,
3,(OD),,,
3,OBD,,,
3,O-B,,,
3,O9,,,
3,O*,,,
3,O(**),,,
3,O(`),,,
3,O(,,,
3,O',,,
3,O..!,,,
3,O?!?!,,,
3,O-.,,,
3,(O`),,,
3,()(^O^),,,
3,:O),,,
3,*o,,,
3,(o.),,,
3,(o-),,,
3,(　)o,,,
3,(+o+),,,
3,(_o_),,,
3,(^o^)(,,,
3,-o-,,,
3,-&o;,,,
3,-,,,
3,#NAME?,,,
3,___o,,,
3,=(^o^)=,,,
3,#NAME?,,,
3,DZO,,,
3,Dzo,,,
3,Dz),,,
3,Dvv,,,
3,DVOP,,,
3,Dvo.,,,
3,DVDp,,,
3,DVD.,,,
3,DV:,,,
3,DV-,,,
3,Dv!,,,
3,(Dv,,,
3,Dpx,,,
3,Dpo!,,,
3,Doo',,,
3,Do,,,
3,#NAME?,,,
3,DODO,,,
3,DoD,,,
3,DO),,,
3,DO?!,,,
3,#NAME?,,,
3,"Do""",,,
3,D(^o^),,,
3,D-o.,,,
3,(Do,,,
3,:DDDDDD,,,
3,:DDDDD,,,
3,DD',,,
3,DD!!,,,
3,DBD,,,
3,D9,,,
3,D#,,,
3,D):,,,
3,D'?,,,
3,D',,,
3,"D.""",,,
3,D......,,,
3,D?:,,,
3,D-,,,
3,D_,,,
3,\:D/,,,
3,(D):,,,
3,(D,,,
3,:D(),,,
3,:D...,,,
3,:D?,,,
3,":""D",,,
3,-D-,,,
3,>:D<,,,
3,>:D,,,
3,#NAME?,,,
3,=D=)),,,
3,#NAME?,,,
3,(Boo),,,
3,(((BD,,,
3,#NAME?,,,
3,_B,,,
3,-9,,,
3,:.9,,,
3,_9,,,
3,8,,,
3,8&#x;,,,
3,8x,,,
3,8V,,,
3,89%,,,
3,89,,,
3,8.9,,,
3,08:09,,,
3,889,,,
3,88/,,,
3,8.8,,,
3,08-Aug,,,
3,83,,,
3,8.3,,,
3,-83,,,
3,8%(%),,,
3,8%,,,
3,8):,,,
3,8(_`),,,
3,8,,,
3,08:00,,,
3,8-:,,,
3,(8:),,,
3,()8,,,
3,(-8,,,
3,:8.,,,
3,-8,,,
3,8,,,
3,_8:,,,
3,:3P,,,
3,-38,,,
3,:3:3,,,
3,-33-,,,
3,_33,,,
3,(3):,,,
3,(3.,,,
3,()3,,,
3,(:3:),,,
3,(--3,,,
3,:3),,,
3,:3...,,,
3,:3,,,
3,;)<3,,,
3,--<3,,,
3,>3<,,,
3,\!/,,,
3,\_()_/,,,
3,\_,,,
3,**),,,
3,**.....,,,
3,*...*,,,
3,*...,,,
3,*;,,,
3,(%),,,
3,(#),,,
3,(\,,,
3,(*><),,,
3,(*^.^*),,,
3,"()""""",,,
3,().+,,,
3,()??,,,
3,()!?,,,
3,()!!!!!,,,
3,()_,,,
3,"()`)""",,,
3,((((:,,,
3,(((;),,,
3,((_)),,,
3,('!),,,
3,(':,,,
3,"(.)""",,,
3,(/*),,,
3,(//).,,,
3,(???),,,
3,(;_),,,
3,(;_;)(),,,
3,(-)(-),,,
3,(-)-,,,
3,(-;),,,
3,(-`-),,,
3,(_!),,,
3,(>)>,,,
3,(~.)~,,,
3,(~/),,,
3,(~_~),,,
3,(~,,,
3,(^,,,
3,(^-^*),,,
3,(^-^;),,,
3,(^-^;(),,,
3,(^^)　,,,
3,(^^)!,,,
3,(`)　,,,
3,(``),,,
3,:*****,,,
3,:****,,,
3,:*{},,,
3,:$?,,,
3,:[,,,
3,:)*,,,
3,":)""@:",,,
3,:)...,,,
3,:)..,,,
3,:):):),,,
3,:((((((,,,
3,:(((((,,,
3,:(:,,,
3,:(,,,
3,":""""(",,,
3,":""""",,,
3,:'*,,,
3,:')]*,,,
3,:')),,,
3,:').,,,
3,:'(.,,,
3,:'''''(,,,
3,::...,,,
3,::..,,,
3,::!,,,
3,:;(`);:,,,
3,:,,,
3,":-""",,,
3,;****,,,
3,;$$,,,
3,;((,,,
3,-&,,,
3,-)(*_,,,
3,"-..-""",,,
3,-.,,,
3,-.-'',,,
3,-///-,,,
3,-!!!,,,
3,--*,,,
3,-_-),,,
3,-_-...,,,
3,-_-?,,,
3,-_-,,,
3,-__-'',,,
3,-__-',,,
3,_()_,,,
3,_(_,,,
3,_.,,,
3,_|_,,,
3,>.<',,,
3,>////<,,,
3,>:),,,
3,>:|,,,
3,>__<,,,
3,>>>>>>,,,
3,=**,,,
3,=@,,,
3,=)(=,,,
3,='),,,
3,=',,,
3,"=.=""",,,
3,=//,,,
3,=___=,,,
3,=|,,,
3,=='',,,
3,</>,,,
3,<------,,,
3,<----,,,
3,^_~,,,
3,^^...,,,
3,^^//,,,
3,^^!!,,,
3,^^;;,,,
3,^^^^,,,
2,: ,,,
2,(zo),,,
2,(z),,,
2,(@z),,,
2,:z,,,
2,#NAME?,,,
2,"-_-""@z:",,,
2,XZ....,,,
2,XZ,,,
2,Xxxxxx,,,
2,xxx:,,,
2,xx&p;,,,
2,xxo,,,
2,xx3,,,
2,XX.,,,
2,X-X,,,
2,X___X,,,
2,x_X,,,
2,xx!!!,,,
2,x?x,,,
2,XVO,,,
2,XVDD,,,
2,XvD,,,
2,Xv,,,
2,xv...,,,
2,xv!,,,
2,xv,,,
2,xpv?,,,
2,x+PPp,,,
2,Xpo,,,
2,xpo....,,,
2,xpo?,,,
2,x//po,,,
2,XP.,,,
2,XP:,,,
2,(XP),,,
2,"xp""",,,
2,xp;,,,
2,x-p,,,
2,(xp,,,
2,Xoxo,,,
2,XOp,,,
2,Xo,,,
2,xo),,,
2,xo?,,,
2,xo!!!,,,
2,xo!!,,,
2,xo:,,,
2,x.o,,,
2,x!o,,,
2,XDXDXD,,,
2,X-DX,,,
2,XDDDDD,,,
2,xD,,,
2,x'D,,,
2,XBO,,,
2,xB,,,
2,X93,,,
2,X8,,,
2,x8:,,,
2,X3P/B,,,
2,X　,,,
2,X)),,,
2,X):,,,
2,X(`),,,
2,X..,,,
2,X?,,,
2,X!!!,,,
2,X:),,,
2,-[X],,,
2,x],,,
2,x......,,,
2,x..?,,,
2,"x?""",,,
2,x????,,,
2,x!?,,,
2,x!!!!,,,
2,x:),,,
2,x;,,,
2,x-...,,,
2,x=,,,
2,(x).,,,
2,(=^x^=),,,
2,:)x,,,
2,:.x,,,
2,v. ,,,
2,Vzoo,,,
2,vzoo!,,,
2,V-z39p,,,
2,VZ:,,,
2,VZ,,,
2,Vz',,,
2,Vz.,,,
2,"vz""",,,
2,VX,,,
2,VX-,,,
2,vvz,,,
2,vvvvv,,,
2,vvooo:,,,
2,Vvo:,,,
2,vvo...,,,
2,VV.,,,
2,V(^-^)V,,,
2,V-V,,,
2,"Vv""",,,
2,Vv',,,
2,Vv:,,,
2,vV,,,
2,vv',,,
2,vv...,,,
2,v,,,
2,#NAME?,,,
2,(Vpp'Z.,,,
2,Vpp,,,
2,Vp-D3,,,
2,VP//(),,,
2,VP/,,,
2,V!!!P!,,,
2,V-P,,,
2,Vp,,,
2,V-p,,,
2,vP:,,,
2,vp:,,,
2,vp,,,
2,v:p),,,
2,v--p,,,
2,v-p,,,
2,vozo,,,
2,Vox:,,,
2,v.o/vP,,,
2,VOVO,,,
2,Vo-v,,,
2,vov.,,,
2,vov?,,,
2,v/ov,,,
2,vopo,,,
2,vop,,,
2,Voox,,,
2,voooov-,,,
2,voooooo,,,
2,vooo.,,,
2,vooo?,,,
2,vooo!,,,
2,vo.o/39,,,
2,voo...,,,
2,vo,,,
2,VO-,,,
2,Vo.,,,
2,V\o/,,,
2,V-o,,,
2,vo],,,
2,vo):,,,
2,vo.#,,,
2,vo.....,,,
2,"vo?"":",,,
2,"vo!!""",,,
2,vo!!!!!,,,
2,vo!:,,,
2,vo;,,,
2,vo-,,,
2,vo~,,,
2,v!!!o,,,
2,v,o,,
2,(vo):,,,
2,VD!,,,
2,VD:,,,
2,VD,,,
2,V-D,,,
2,v.#D,,,
2,v:D,,,
2,VBP,,,
2,VB:,,,
2,VB,,,
2,V-B,,,
2,vB,,,
2,V9.,,,
2,V8P,,,
2,V-8B,,,
2,v8,,,
2,V-3/P,,,
2,V3()9:3,,,
2,V],,,
2,V(*^^*),,,
2,V(),,,
2,V!!!!!!,,,
2,V!!!!!,,,
2,V!!!!,,,
2,V:.,,,
2,V,,,
2,V-,,,
2,V--,,,
2,*V,,,
2,(V...,,,
2,v&!!,,,
2,v(,,,
2,v'.,,,
2,v':,,,
2,v.',,,
2,"v...""",,,
2,v.....?,,,
2,v.?,,,
2,v.!,,,
2,v.,,,
2,v?.,,,
2,v?????,,,
2,v?:),,,
2,"v!""",,,
2,v!?,,,
2,v!;),,,
2,v,,,
2,v_:,,,
2,v^^,,,
2,(v.),,,
2,(v^),,,
2,(v^-),,,
2,()v,,,
2,(.v/),,,
2,#NAME?,,,
2,-v:,,,
2,#NAME?,,,
2,#NAME?,,,
2,_v_,,,
2,=v=,,,
2,(Pxo),,,
2,(p-X),,,
2,(Pp),,,
2,(Pp,,,
2,:pP,,,
2,()@pp,,,
2,(pp,,,
2,:p:p,,,
2,#NAME?,,,
2,(Pop),,,
2,*pop*,,,
2,*PO*,,,
2,(PO:,,,
2,(PO,,,
2,:PO,,,
2,(Po),,,
2,(Po,,,
2,<Po>,,,
2,(po):,,,
2,(po.,,,
2,(po-),,,
2,*pBO*,,,
2,(P9),,,
2,(P3),,,
2,(P):,,,
2,(P),,,
2,(P,,,
2,(P-),,,
2,()P,,,
2,(^P^),,,
2,:P.,,,
2,:P!,,,
2,;-P,,,
2,_P,,,
2,*:p,,,
2,(p),,,
2,(p...,,,
2,(p.,,,
2,(p`),,,
2,()p,,,
2,:p...,,,
2,:p..,,,
2,:p?,,,
2,:p!,,,
2,:p:,,,
2,:p,,,
2,:p-,,,
2,:)@p,,,
2,";p""",,,
2,;p!,,,
2,;p,,,
2,;-p,,,
2,-p!,,,
2,-p-,,,
2,#NAME?,,,
2,<p>,,,
2,OZZ,,,
2,Ozo:,,,
2,Oz.,,,
2,(oz),,,
2,(`)oz,,,
2,OX-V,,,
2,OXOD,,,
2,OXD,,,
2,Ox,,,
2,Ovoo,,,
2,(ovo),,,
2,(o^v^o),,,
2,OVDO,,,
2,(ov)B,,,
2,OV3,,,
2,OV...,,,
2,OV?,,,
2,OV!!!,,,
2,OV!,,,
2,(OV,,,
2,Ov.,,,
2,Ov:,,,
2,(^o^)V,,,
2,Opzo,,,
2,Opz,,,
2,Opv,,,
2,Opv,,,
2,OPPO,,,
2,OPP!!,,,
2,Opp,,,
2,(^o^)pp,,,
2,#NAME?,,,
2,OPOP,,,
2,O_Pop:,,,
2,OPODD,,,
2,Opo-,,,
2,#NAME?,,,
2,OP(),,,
2,OP',,,
2,OP!!!!,,,
2,OP,,,
2,#NAME?,,,
2,Op],,,
2,Op-,,,
2,*Op,,,
2,-@Op,,,
2,_op:,,,
2,OOV,,,
2,Oopo,,,
2,OoP,,,
2,Oop:,,,
2,Ooox,,,
2,OOOP,,,
2,(ooop,,,
2,OOOOO!,,,
2,:OOOO,,,
2,OOO..,,,
2,OOO.,,,
2,OOO!!,,,
2,OOO,,,
2,Ooo...,,,
2,Ooo.,,,
2,OOD-O,,,
2,OOD!,,,
2,OOD:,,,
2,#NAME?,,,
2,OO　,,,
2,OO',,,
2,OO!!!!,,,
2,OO|,,,
2,O'O',,,
2,O...O,,,
2,*OO,,,
2,Oo!!!,,,
2,Oo;*,,,
2,O()o,,,
2,O--o,,,
2,#NAME?,,,
2,(^o^)O,,,
2,-.oO(),,,
2,(oo,,,
2,(o^-^o),,,
2,(@oo),,,
2,()o()o,,,
2,(^o_o^),,,
2,#NAME?,,,
2,ODV,,,
2,ODP:,,,
2,OD&.OD,,,
2,ODO.,,,
2,ODo,,,
2,"ODD""",,,
2,OD!!!,,,
2,(^o^)D,,,
2,OBP,,,
2,OBOO,,,
2,OB.,,,
2,OB:,,,
2,OB-,,,
2,O-3,,,
2,O<3,,,
2,O　　,,,
2,O*.,,,
2,"O"".",,,
2,O'',,,
2,O'.,,,
2,"O.""",,,
2,O...!!,,,
2,O._.,,,
2,O//,,,
2,"O?""",,,
2,O?:,,,
2,O!...,,,
2,O-!,,,
2,O-:,,,
2,O-,,,
2,O_,,,
2,"O~""",,,
2,O~!,,,
2,*O*.,,,
2,*O*,,,
2,**O**,,,
2,()O,,,
2,":O""",,,
2,:O.,,,
2,:'O,,,
2,>O<,,,
2,^O^),,,
2,*o.,,,
2,*o?,,,
2,**o,,,
2,"(o)""",,,
2,(o((.,,,
2,(o`),,,
2,(#o,,,
2,()(o),,,
2,((o)),,,
2,(-o-;),,,
2,(-o,,,
2,(^o^*),,,
2,(^o^)!,,,
2,(^o^;,,,
2,(^^)o,,,
2,(`o),,,
2,":*""@o:",,,
2,":""o",,,
2,;o?,,,
2,"-o""",,,
2,#NAME?,,,
2,#NAME?,,,
2,-'o-,,,
2,-,,,
2,-,,,
2,--....o,,,
2,>>o,,,
2,<o>,,,
2,<<o,,,
2,^o,,,
2,Dz:,,,
2,Dz,,,
2,D-z-,,,
2,DX:,,,
2,Dx!!,,,
2,Dx:,,,
2,Dx,,,
2,(Dx,,,
2,DvX,,,
2,Dvpo,,,
2,Dvo'z,,,
2,Dvovo,,,
2,D/Vo,,,
2,Dvo:,,,
2,DVDO,,,
2,DV99,,,
2,DV93,,,
2,DV89,,,
2,DV88,,,
2,DV3,,,
2,DV.,,,
2,Dv),,,
2,Dv...,,,
2,:Dv,,,
2,DP-ZB,,,
2,Dppo,,,
2,DPPD,,,
2,Dp,,,
2,Dpo...,,,
2,D.P.9,,,
2,D/P,,,
2,Dp'...,,,
2,(Dp,,,
2,D/oxo,,,
2,DoxDP,,,
2,Dox,,,
2,DOVO,,,
2,DO/V,,,
2,DOV,,,
2,(Dov,,,
2,DOPP,,,
2,Dopox,,,
2,Doov,,,
2,Dooo,,,
2,Doo],,,
2,Doo...,,,
2,Doo!,,,
2,Do&#39;,,,
2,DO(,,,
2,"DO""",,,
2,DO..,,,
2,D.O,,,
2,Do'.,,,
2,Do!!!,,,
2,Do!:,,,
2,Do;,,,
2,D&o,,,
2,D@o:,,,
2,D@o,,,
2,D(o,,,
2,"D""o""",,,
2,D....o,,,
2,D.o,,,
2,D/o,,,
2,D-o,,,
2,(Do),,,
2,:Do,,,
2,D-DVD98,,,
2,D-DVD8,,,
2,DDPpo,,,
2,DDDO,,,
2,DDD!!!!,,,
2,;DDD,,,
2,DDB,,,
2,"DD""",,,
2,DD.,,,
2,DD:,,,
2,D　D,,,
2,D/D,,,
2,D/D,,,
2,DBO!,,,
2,DBB,,,
2,DB!!!,,,
2,DB,,,
2,D/B,,,
2,D83-3,,,
2,D&#39;,,,
2,:D<3,,,
2,D+,,,
2,D\/,,,
2,D],,,
2,"D"".",,,
2,D':,,,
2,"D...""",,,
2,D.....,,,
2,D...!,,,
2,D.!,,,
2,D/?,,,
2,"D?!""",,,
2,"D!""",,,
2,D!?,,,
2,D:),,,
2,D,,,
2,D--...,,,
2,D_:,,,
2,D^^,,,
2,*:D/*,,,
2,(D),,,
2,:D',,,
2,:'''D,,,
2,";D""",,,
2,#NAME?,,,
2,_BO_o:,,,
2,()BBV,,,
2,:B-,,,
2,-/B,,,
2,^B,,,
2,(999,,,
2,-99,,,
2,(@99),,,
2,(99,,,
2,:9:9,,,
2,99,,,
2,(93-).,,,
2,*9,,,
2,(9):,,,
2,(9:),,,
2,($.9,,,
2,(.9,,,
2,:9%,,,
2,:9.%,,,
2,:9.,,,
2,:9;,,,
2,;9,,,
2,-9-,,,
2,8X,,,
2,8-P,,,
2,8p.,,,
2,8p;,,,
2,8p,,,
2,8o8,,,
2,8.99,,,
2,8983,,,
2,89+,,,
2,8　9,,,
2,8,,,
2,8898,,,
2,88.8,,,
2,8.8.8,,,
2,08-08-2008,,,
2,08-08-2008,,,
2,-91,,,
2,883,,,
2,88%,,,
2,88:00:00,,,
2,88,,,
2,-88,,,
2,08:08,,,
2,-88-,,,
2,83Zo,,,
2,8.3p,,,
2,8.3p,,,
2,8.3,,,
2,:83999,,,
2,838,,,
2,-83,,,
2,8:3)　,,,
2,08:03,,,
2,8,,,
2,(8:3),,,
2,8*,,,
2,8(,,,
2,"8.""",,,
2,8/.,,,
2,8/,,,
2,8!!!,,,
2,8;,,,
2,8,,,
2,8,,,
2,8-...,,,
2,8-.,,,
2,*8,,,
2,(8+),,,
2,(8):,,,
2,-8,,,
2,()8(),,,
2,(-8-,,,
2,:8],,,
2,:8.%,,,
2,:8,,,
2,-8,,,
2,-0.80%,,,
2,:3Po,,,
2,-39,,,
2,(:39),,,
2,-39,,,
2,:3/8:,,,
2,_38,,,
2,<33333,,,
2,-6,,,
2,-33,,,
2,33,,,
2,(3).,,,
2,(3);,,,
2,(3/),,,
2,(3,,,
2,(3-,,,
2,(3--,,,
2,($3,,,
2,(/3),,,
2,(:3,,,
2,(-3,,,
2,:3*,,,
2,:3(/,,,
2,:3-,,,
2,::3...,,,
2,:<3,,,
2,-3),,,
2,_3,,,
2,>:3,,,
2,>3,,,
2,=3=,,,
2,=)))<3,,,
2,3,,,
2,<3',,,
2,<3..,,,
2,<3>,,,
2,<\3,,,
2,<////3,,,
2,<//3,,,
2,\\\\\\\,,,
2,\\\,,,
2,\\(`)//,,,
2,"\("")/",,,
2,\(.)/,,,
2,\(^-^)/,,,
2,\',,,
2,\:,,,
2,\__,,,
2,\=,,,
2,\^^/,,,
2,*#,,,
2,*\(`)/*,,,
2,*\(`)-,,,
2,*******,,,
2,****$,,,
2,*)　,,,
2,*(),,,
2,*._.,,,
2,*/,,,
2,*?,,,
2,*!!,,,
2,*:.,,,
2,*,,,
2,*-_-,,,
2,*____*,,,
2,*><*,,,
2,*`*　,,,
2,(++),,,
2,(+).,,,
2,(+,,,
2,(#^_^#),,,
2,(**)　,,,
2,(**)(,,,
2,(**)!,,,
2,(*)　,,,
2,(*))),,,
2,(*-),,,
2,(*-,,,
2,(*^-^*),,,
2,(*^-^),,,
2,(*^^*)(,,,
2,(*^^*)?,,,
2,(*^^)/*,,,
2,(*^^)/,,,
2,(@@;)(),,,
2,(@:,,,
2,()#,,,
2,()@_,,,
2,()(*_*),,,
2,()(*`*),,,
2,()(*`),,,
2,()(;_;),,,
2,()(--),,,
2,()(^-^),,,
2,()(^^,,,
2,().(),,,
2,()....,,,
2,()///,,,
2,()!(),,,
2,()!!　,,,
2,()!!(),,,
2,()!!!!,,,
2,()>_<,,,
2,()>,,,
2,()^^,,,
2,()^,,,
2,()`).,,,
2,()`,,,
2,((+_+)),,,
2,(((((,,,
2,(((:,,,
2,(((^^;),,,
2,((;,,,
2,((^^),,,
2,((`)),,,
2,(''*),,,
2,(''`)-,,,
2,('-',,,
2,('`;),,,
2,('`,,,
2,(.):,,,
2,(.),,,
2,(..`),,,
2,(//-...,,,
2,(/-,,,
2,(/_;),,,
2,(/`),,,
2,(?)._.,,,
2,(??),,,
2,(!!),,,
2,(!!!!),,,
2,(!`))),,,
2,"(:""",,,
2,(::),,,
2,(;)　,,,
2,(;)(;),,,
2,(;;)(),,,
2,(;;,,,
2,(;^_^,,,
2,(,,,
2,(,,,
2,(-):,,,
2,"(-"")",,,
2,"(-.-"")",,,
2,"(--)""",,,
2,"(--"")",,,
2,(---),,,
2,"(-_-)""",,,
2,"(-__-"")",,,
2,(_)(_<),,,
2,(_'),,,
2,(_!!),,,
2,(_,,,
2,(___),,,
2,(__,,,
2,(|||),,,
2,(|,,,
2,(>.),,,
2,(>_<)/,,,
2,(>_<)!!,,,
2,(>_<,,,
2,(><,,,
2,(==;),,,
2,(<><>),,,
2,"(~)~""",,,
2,(~~),,,
2,(^)-,,,
2,(^()^),,,
2,(^///^),,,
2,(^-^)!!,,,
2,(^_-)-,,,
2,(^_^)(),,,
2,(^_^;(),,,
2,(^_^,,,
2,(^^)!!!,,,
2,(^^)!!,,,
2,(`)(),,,
2,(`()),,,
2,(`|||),,,
2,:*),,,
2,:*(*),,,
2,:*..,,,
2,:*:*:*,,,
2,":$""",,,
2,:$:$,,,
2,:[][],,,
2,:[],,,
2,:)@_,,,
2,:))//,,,
2,:)?,,,
2,:)!!!!,,,
2,:(　_),,,
2,:(''):,,,
2,:(!!!,,,
2,:(!,,,
2,":"""">",,,
2,:'@,,,
2,:'},,,
2,":')""",,,
2,:')!,,,
2,:''(,,,
2,:''''(,,,
2,:'''',,,
2,:''',,,
2,:''>,,,
2,:'/,,,
2,:.(),,,
2,":.""",,,
2,:///,,,
2,:!!!!,,,
2,:!!!,,,
2,::?,,,
2,:,,,
2,:,,,
2,:-*.,,,
2,:-$,,,
2,:-((,,,
2,:-//,,,
2,:=),,,
2,:~),,,
2,;\,,,
2,";*""",,,
2,;]],,,
2,";"")",,,
2,;;*,,,
2,;;;),,,
2,;;`,,,
2,;-)))),,,
2,";-)""",,,
2,;-;,,,
2,;--),,,
2,#NAME?,,,
2,-%!,,,
2,-%,,,
2,-%,,,
2,-[,,,
2,-)>,,,
2,-(,,,
2,"-""-",,,
2,-.%,,,
2,"-.""",,,
2,-....-,,,
2,-.-*,,,
2,-.-?,,,
2,-.-!,,,
2,-,,,
2,-,,,
2,-,,,
2,--.....,,,
2,--/,,,
2,--!!!!,,,
2,---!,,,
2,---:,,,
2,-------,,,
2,--_--,,,
2,"--__--""",,,
2,--__--,,,
2,--___--,,,
2,#NAME?,,,
2,-->:,,,
2,-_-..,,,
2,-_-_-,,,
2,-__-,,,
2,->@:,,,
2,_)(^-^,,,
2,_//,,,
2,_-),,,
2,"_-""",,,
2,_--_,,,
2,_-,,,
2,"__""",,,
2,__/,,,
2,__:,,,
2,_______,,,
2,>[]<,,,
2,>..,,,
2,">.<""",,,
2,>:'',,,
2,>,<,,
2,>>>>>>>,,,
2,><!,,,
2,=]],,,
2,"=))""",,,
2,=(((,,,
2,=((,,,
2,=(..,,,
2,=(=(=(),,,
2,,,,
2,"=""",,,
2,='',,,
2,=...,,,
2,=!,,,
2,=;;,,,
2,=====>,,,
2,=====,,,
2,<　>,,,
2,<),,,
2,<()>,,,
2,<(==)>,,,
2,<(<),,,
2,<(`)>,,,
2,<:,,,
2,<,,,
2,<<--,,,
2,<<<<<<<,,,
2,<<<<<<,,,
2,<~~~,,,
2,<~~,,,
2,^&^,,,
2,^,,,
2,^_*,,,
2,^_,,,
2,^~^,,,
2,^^#,,,
2,^^)_,,,
2,^^(),,,
2,"^^""""",,,
2,^^^^^*,,,
2,^^^,,,
1,() | ,,,
1,(`)/ ,,,
1,: :,,,
1,_zZz,,,
1,:zzz,,,
1,*zzo*,,,
1,:)zz_,,,
1,#NAME?,,,
1,<zz>,,,
1,<>zz</>,,,
1,(z'vz,,,
1,(z+P),,,
1,(zp,,,
1,:@zp:,,,
1,:ZO,,,
1,(zo,,,
1,(_)zo,,,
1,#NAME?,,,
1,(ZD),,,
1,*Z<&,,,
1,(-Z,,,
1,(Z,,,
1,:)Z,,,
1,#NAME?,,,
1,#NAME?,,,
1,\z/,,,
1,*z...,,,
1,****@z,,,
1,(z:,,,
1,(z,,,
1,()@z,,,
1,"()""@z:",,,
1,(.z),,,
1,:@z_,,,
1,:@_z,,,
1,:@z,,,
1,:-)z,,,
1,;)@z,,,
1,#NAME?,,,
1,-z:,,,
1,-z--:,,,
1,-@z,,,
1,-'z,,,
1,--z-,,,
1,#NAME?,,,
1,-__-@z,,,
1,_z:,,,
1,_z,,,
1,__z,,,
1,#NAME?,,,
1,x) |,,,
1,xZo(**),,,
1,()xZo,,,
1,xzo,,,
1,XZD,,,
1,XZB-,,,
1,X-ZB,,,
1,X-Z:,,,
1,X-Z,,,
1,X-Z,,,
1,Xz-.,,,
1,xZ...,,,
1,xZ,,,
1,xz:,,,
1,x,),,
1,"x_x""@z:",,,
1,:xxxxxx,,,
1,xxxxxo,,,
1,xx??xx,,,
1,#NAME?,,,
1,#NAME?,,,
1,xxxo,,,
1,XXX:,,,
1,XXX,,,
1,XxX,,,
1,Xxx...,,,
1,Xxx.,,,
1,xxx.,,,
1,x/x/x,,,
1,(><)xxx,,,
1,:')xxx,,,
1,XXV,,,
1,XXV:,,,
1,XXV,,,
1,xxV,,,
1,xxv,,,
1,xxPP,,,
1,xxOVx,,,
1,XXov,,,
1,xxo!,,,
1,xxo,,,
1,#NAME?,,,
1,xx8,,,
1,xx33,,,
1,Xx3,,,
1,"XX""....",,,
1,XX...,,,
1,XX!!!!,,,
1,X　X,,,
1,x____X,,,
1,(x_X),,,
1,"xx""",,,
1,xx',,,
1,xx.,,,
1,xx!,,,
1,xx,,,
1,x-x,,,
1,"x_x""",,,
1,x_x.,,,
1,x_x!,,,
1,x___x,,,
1,(xx-),,,
1,(x)x,,,
1,(x_x;),,,
1,(xx,,,
1,:xx,,,
1,;)xx,,,
1,-x_x-,,,
1,XV/X,,,
1,xvvv:,,,
1,xv-Vo,,,
1,XVP,,,
1,x-vp,,,
1,xv(ov),,,
1,x-voo,,,
1,XVO.,,,
1,XVo,,,
1,xvo!!,,,
1,x..vo,,,
1,x-vo,,,
1,XVDO,,,
1,XvD-D,,,
1,xv-B,,,
1,xv3v,,,
1,X-V3,,,
1,X-V3,,,
1,XV...,,,
1,XV.,,,
1,XV-,,,
1,Xv),,,
1,"Xv""",,,
1,Xv!!!!,,,
1,Xv!!!,,,
1,Xv-,,,
1,xv/,,,
1,xv?,,,
1,x-v,,,
1,()@_xv,,,
1,xPXX,,,
1,xpvo,,,
1,xp.V,,,
1,xpv!!,,,
1,xpv,,,
1,(xpv),,,
1,(xpv,,,
1,XpP,,,
1,xpp,,,
1,xpov:,,,
1,xpop,,,
1,xpoo.,,,
1,xpoo,,,
1,xpo.o,,,
1,xp.oo,,,
1,XPOD!,,,
1,XPOD,,,
1,XPO,,,
1,XPo:,,,
1,XPo,,,
1,Xpo-,,,
1,xpo...,,,
1,xp..o,,,
1,x-po,,,
1,xpD,,,
1,XP3.,,,
1,XP3,,,
1,x).p3,,,
1,XP　,,,
1,XP..,,,
1,XP!!,,,
1,XP!,,,
1,XP,,,
1,X-&P,,,
1,#NAME?,,,
1,Xp...,,,
1,Xp://.,,,
1,(;)[Xp,,,
1,xP!,,,
1,x;P,,,
1,x-P,,,
1,:)/xP!/,,,
1,xp.....,,,
1,xp.-.,,,
1,xp!!,,,
1,x.&p;&;,,,
1,"x.""p",,,
1,x..p,,,
1,x:-p,,,
1,x-p-,,,
1,****xp,,,
1,(xp),,,
1,#NAME?,,,
1,-@xp,,,
1,#NAME?,,,
1,xozo,,,
1,xoz,,,
1,XOXOXO,,,
1,XoXoXo,,,
1,Xoxox,,,
1,xoxoo:,,,
1,xoxoo,,,
1,XOXO:-),,,
1,xoxo.,,,
1,xoxo__:,,,
1,x-oxo,,,
1,Xox3,,,
1,XO-X...,,,
1,XO-X,,,
1,XOX,,,
1,Xox.,,,
1,xox?,,,
1,xox,,,
1,xovo,,,
1,xov.,,,
1,xopp,,,
1,"x""opox",,,
1,XOPO,,,
1,xopo.,,,
1,XOOXX,,,
1,Xoox,,,
1,xoox,,,
1,xoooo,,,
1,XO@o:,,,
1,xoo..,,,
1,xoo.,,,
1,xoo!!!!,,,
1,xo.o,,,
1,"x-oo"":",,,
1,x-oo,,,
1,X-OD,,,
1,XOD,,,
1,XO/3.Z,,,
1,XO.(,,,
1,XO.,,,
1,XO!,,,
1,X-o?!,,,
1,X-o,,,
1,X-,,,
1,xO:,,,
1,x...O,,,
1,xo',,,
1,xo....,,,
1,xo...,,,
1,xo..=(,,,
1,"xo?""",,,
1,xo:...,,,
1,xo;,,,
1,x(^o^),,,
1,x(^o^;,,,
1,"x""",,,
1,x'o,,,
1,x...o,,,
1,x..o,,,
1,x???o,,,
1,x,o,,
1,x--o,,,
1,*xo,,,
1,(xo),,,
1,(@xo,,,
1,(xo,,,
1,:@xo,,,
1,:)xo,,,
1,;xo,,,
1,#NAME?,,,
1,X-Dv,,,
1,x)/Dv,,,
1,X,,,
1,x-DP,,,
1,xDDDDD,,,
1,XDDD.,,,
1,XDDD!,,,
1,xDDD.,,,
1,XD:,D,,
1,X(`)DD,,,
1,xDD**,,,
1,xDD*,,,
1,xDD!!,,,
1,xDD!,,,
1,xD<3,,,
1,XD))))),,,
1,"XD""",,,
1,XD....,,,
1,XD!?,,,
1,XD:,,,
1,XD,,,
1,X'D,,,
1,(?)XD,,,
1,xD#,,,
1,"xD""",,,
1,xD',,,
1,xD?,,,
1,xD!.,,,
1,xD!,,,
1,xD,,,
1,x:D,,,
1,xBv...,,,
1,XBOXXox,,,
1,XBOXD:,,,
1,x--Bo,,,
1,(x'Bo),,,
1,(x-BBB),,,
1,X/B,,,
1,x,,,
1,x-B,,,
1,:.&#xB;,,,
1,_X99,,,
1,x983,,,
1,X93#,,,
1,X/9/,,,
1,-X9:,,,
1,x9.,,,
1,x-.9.,,,
1,X8v,,,
1,X-8B,,,
1,X88V,,,
1,X8:,,,
1,x-(8',,,
1,x=.8,,,
1,(x8).,,,
1,x3zx,,,
1,x3z,,,
1,X3X　,,,
1,x3x,,,
1,X--3D,,,
1,X3D,,,
1,X/3B,,,
1,X-3-B,,,
1,X3.9',,,
1,X&#33;z,,,
1,X-33,,,
1,x33,,,
1,X/3:,,,
1,X:3,,,
1,X-3,,,
1,0,,,
1,"x3""@:",,,
1,x<3,,,
1,X*,,,
1,X))).,,,
1,X(*^^*),,,
1,X()(,,,
1,X(),,,
1,X(_`),,,
1,X'),,,
1,X'...,,,
1,X'??,,,
1,X....,,,
1,X:-:　,,,
1,X;,,,
1,X,,,
1,X-(,,,
1,X-.,,,
1,X-/,,,
1,X-???,,,
1,X-?,,,
1,X-!!!,,,
1,X-!,,,
1,X-,,,
1,X>,,,
1,X=,,,
1,(X-):,,,
1,()X(==),,,
1,()//X,,,
1,(X,,,
1,:-)X,,,
1,;)X,,,
1,#NAME?,,,
1,#NAME?,,,
1,x　,,,
1,x$;,,,
1,x))),,,
1,x),,,
1,x()()!!,,,
1,x(),,,
1,x(:,,,
1,x(`),,,
1,"x""@:",,,
1,"x""""",,,
1,"x""?",,,
1,x'],,,
1,x'.,,,
1,x...',,,
1,x...?,,,
1,x.!,,,
1,x.:,,,
1,x.,,,
1,x//,,,
1,x?....,,,
1,x?..,,,
1,x?!?!,,,
1,x?!,,,
1,x?,,,
1,x!!!!!!,,,
1,x!:),,,
1,x!:,,,
1,x:(,,,
1,x;$;*,,,
1,x;),,,
1,x,,,
1,x,,,
1,x,,,
1,x,,,
1,x-(,,,
1,x-..,,,
1,x-!!,,,
1,"x-_-""",,,
1,x|,,,
1,x~~~,,,
1,x^^,,,
1,"(x"")(-)",,,
1,(x,,,
1,(x-):,,,
1,(x`),,,
1,(　x),,,
1,()(x),,,
1,()-<x),,,
1,()x,,,
1,(.x),,,
1,(^x^),,,
1,(^^)x,,,
1,:&#x;,,,
1,:)!x,,,
1,:-)x,,,
1,:-x,,,
1,#NAME?,,,
1,-x:,,,
1,-x-,,,
1,--....x,,,
1,--.x,,,
1,#NAME?,,,
1,"-_""@x:",,,
1,#NAME?,,,
1,_x,,,
1,#NAME?,,,
1,^__^,,,
1,v po,,,
1,v ,,,
1,vzzz,,,
1,vzzo,,,
1,Vzz,,,
1,vzz,,,
1,VZVZ(/V,,,
1,vz-vo,,,
1,vzvo,,,
1,vzp!,,,
1,vzp,,,
1,VZOO,,,
1,Vzoo.,,,
1,vzoo,,,
1,Vz,,,
1,Vzo?,,,
1,(Vzo,,,
1,vzo...,,,
1,vzo?,,,
1,vzo!,,,
1,vzo:,,,
1,v-zo,,,
1,VZ.,,,
1,VZ!,,,
1,V...Z,,,
1,Vz),,,
1,"Vz!!""",,,
1,Vz!!,,,
1,Vz!,,,
1,(Vz),,,
1,vZ,,,
1,vz),,,
1,vz....,,,
1,vz...?,,,
1,vz.,,,
1,vz????,,,
1,vz!!!,,,
1,vz;,,,
1,"v""@z:",,,
1,v..z.,,,
1,v.z,,,
1,v,,,
1,v--z,,,
1,Vxxv,,,
1,VXX,,,
1,V-X88V,,,
1,(VX!),,,
1,Vx...,,,
1,Vx:,,,
1,"vx""",,,
1,vx.....,,,
1,vx.,,,
1,vx!,,,
1,vx-,,,
1,v?x,,,
1,v-x,,,
1,vvzo,,,
1,VVZ*,,,
1,Vvvv,,,
1,vvvv!!,,,
1,(VVVO,,,
1,VVVO,,,
1,VV_vo,,,
1,"vvvo""",,,
1,vvvo,,,
1,VVV.,,,
1,VVV,,,
1,VV-v:,,,
1,vvv!!!,,,
1,v.v.v,,,
1,v/v/v!!,,,
1,v/v/v,,,
1,VVP,,,
1,Vvox,,,
1,vvox,,,
1,Vvo&po,,,
1,vvoop,,,
1,vvo...o,,,
1,VVOD,,,
1,VVO,,,
1,VVo,,,
1,Vvo..,,,
1,Vvo.,,,
1,v:Vo,,,
1,vvo!(:,,,
1,vvo!!,,,
1,vvo:),,,
1,vvo:,,,
1,vvo-->,,,
1,VVD,,,
1,VVBB,,,
1,"VV""@:",,,
1,VV!,,,
1,VV:,,,
1,V!!V,,,
1,V_V,,,
1,(V)(V),,,
1,Vv!!!!,,,
1,Vv!,,,
1,Vv;,,,
1,V(*v`*),,,
1,(Vv),,,
1,(`*)Vv,,,
1,v.V,,,
1,v/V,,,
1,(*)vV,,,
1,vv(),,,
1,vv(>_<),,,
1,vv(`),,,
1,"vv.""",,,
1,vv....,,,
1,vv??,,,
1,vv!!!,,,
1,vv!!,,,
1,vv:.,,,
1,v#v,,,
1,v()v,,,
1,v(_)v,,,
1,"v""@v:",,,
1,v....v!,,,
1,v/v/,,,
1,v~v,,,
1,(*vv`*),,,
1,:(@v_v,,,
1,Vpz,,,
1,VPX,,,
1,VPVB,,,
1,VPv:,,,
1,VPPPD,,,
1,vppo,,,
1,vpP　,,,
1,v.pp,,,
1,v-pp,,,
1,v>Pop,,,
1,"vpop?"".",,,
1,vpop,,,
1,vpoooo,,,
1,vpoo@.o,,,
1,vpoo),,,
1,vpoo.,,,
1,vpoo!!,,,
1,vpoo,,,
1,VPOB,,,
1,V-Po-,,,
1,"Vpo""",,,
1,Vpo.,,,
1,Vpo?,,,
1,Vpo,,,
1,vpO,,,
1,vpo..,,,
1,vpo!,,,
1,vp@.o,,,
1,v..po,,,
1,v,,,
1,v-po,,,
1,VPBX/B,,,
1,VP-8:,,,
1,v.p3,,,
1,VP(),,,
1,VP.,,,
1,VP:),,,
1,VP,,,
1,V.P,,,
1,V-P/,,,
1,(VP),,,
1,#NAME?,,,
1,Vp.,,,
1,Vp!,,,
1,V...p,,,
1,V,,,
1,vP,,,
1,vp*,,,
1,vp),,,
1,vp',,,
1,vp..,,,
1,"vp!""",,,
1,vp!!,,,
1,vp://,,,
1,v...p,,,
1,v..p,,,
1,v.p,,,
1,v/p,,,
1,v,.,,
1,v-p.,,,
1,v-p:,,,
1,v_.._p@,,,
1,(vp),,,
1,(v+p):,,,
1,(v:p),,,
1,vozzzo,,,
1,vozZB,,,
1,vozz,,,
1,vozoo!,,,
1,vo/zoo,,,
1,Vozo,,,
1,"vozo""",,,
1,VOZ,,,
1,"voz""",,,
1,voz...,,,
1,voz..,,,
1,voz.,,,
1,voz-'',,,
1,voz-,,,
1,vo...z,,,
1,vo.z,,,
1,(voz,,,
1,VOXO,,,
1,VOx,,,
1,v.ox,,,
1,vov$p,,,
1,Vovoz,,,
1,vovoo:,,,
1,vovo...,,,
1,vov,,,
1,VOVD,,,
1,VovD:,,,
1,VoV,,,
1,Vov),,,
1,Vov..,,,
1,Vov:-),,,
1,Vov,,,
1,Vov--,,,
1,-!)@Vov,,,
1,vov),,,
1,"vov""",,,
1,vov...,,,
1,vov?!,,,
1,vov:,,,
1,v@_ov:,,,
1,vopv,,,
1,Vopp,,,
1,vopp!!!,,,
1,(Vopoo,,,
1,VoPo.,,,
1,Vopo),,,
1,vopo:),,,
1,vop/o,,,
1,vo,,,
1,v.op@.o,,,
1,vopo,,,
1,VO.p,,,
1,VoP,,,
1,Vop,,,
1,(Vop,,,
1,vo.#P,,,
1,vo!;P,,,
1,vop'.,,,
1,vop',,,
1,vop?,,,
1,*vop,,,
1,(vop):,,,
1,#NAME?,,,
1,Vooz,,,
1,_v_ooz:,,,
1,voox.,,,
1,Voovo:,,,
1,V-oov,,,
1,Voov,,,
1,vooV,,,
1,voov.,,,
1,VOO-PO.,,,
1,voopo),,,
1,voo..po,,,
1,voop.,,,
1,voop,,,
1,vooopv,,,
1,vooop,,,
1,Voooooo,,,
1,Vooooo,,,
1,vooooo,,,
1,VO-ooo,,,
1,voooo;*,,,
1,VO'OO,,,
1,Vooo!,,,
1,Voo,,,
1,voOo,,,
1,"vooo"".",,,
1,vooo/.,,,
1,vooo!!,,,
1,vooo~~!,,,
1,voo...o,,,
1,voo,,,
1,vo@o.o,,,
1,vo...oo,,,
1,VOOD?,,,
1,VOOD,,,
1,:)#vooD,,,
1,voo:3,,,
1,VOO????,,,
1,VOO!,,,
1,V　OO,,,
1,VoO,,,
1,"Voo""",,,
1,Voo:,,,
1,Voo-,,,
1,Vo@o@,,,
1,Vo/o,,,
1,Vo,,,
1,Vo-o,,,
1,voo@,,,
1,voo],,,
1,voo':,,,
1,voo..?,,,
1,voo!!!,,,
1,voo;),,,
1,voo,,,
1,voo_,,,
1,voo`!,,,
1,vo-o,,,
1,v@o.o,,,
1,v@o_o,,,
1,v(*)oo,,,
1,v...#oo,,,
1,v-oo,,,
1,(voo),,,
1,VO...DD,,,
1,V-OD,,,
1,vOD,,,
1,vo.D,,,
1,VOBO,,,
1,Vo.8,,,
1,Vo:8,,,
1,vo.3o!,,,
1,VO3D,,,
1,Vo:3.,,,
1,vo3(^,,,
1,vo3.,,,
1,vo.3　,,,
1,vo.3.,,,
1,vo...<3,,,
1,vo.3,,,
1,vo:3,,,
1,vo,,,
1,vo<3,,,
1,VO),,,
1,"VO""",,,
1,VO..,,,
1,"VO!""",,,
1,VO!!!,,,
1,VO;),,,
1,(VO),,,
1,(VO,,,
1,-!!VO,,,
1,Vo*,,,
1,Vo..,,,
1,Vo!!!,,,
1,Vo:...,,,
1,Vo;./,,,
1,V'o,,,
1,V....o,,,
1,V,,,
1,V,o,,
1,(Vo.,,,
1,(Vo,,,
1,(+Vo),,,
1,(Vo,,,
1,v/O,,,
1,v!!!#O,,,
1,vo&,,,
1,"vo*""",,,
1,vo*...,,,
1,vo*-*,,,
1,vo(,,,
1,"vo"":",,,
1,"vo""",,,
1,vo',,,
1,"vo.""<--",,,
1,vo.',,,
1,"vo..""",,,
1,vo.!!,,,
1,vo.:-),,,
1,vo?*-*,,,
1,"vo?""",,,
1,vo?.,,,
1,vo??,,,
1,vo?:),,,
1,vo?,,,
1,vo!$,,,
1,vo!),,,
1,"vo!""",,,
1,vo!',,,
1,vo!!!^^,,,
1,vo;)))),,,
1,vo,,,
1,vo>,,,
1,vo^^,,,
1,v&o,,,
1,v@.o,,,
1,v@o,,,
1,v(^o^,,,
1,"v""@o",,,
1,v'..o,,,
1,v.#o,,,
1,v..+o,,,
1,v...o..,,,
1,v.....o,,,
1,v.o,,,
1,v/o,,,
1,v?o,,,
1,v:*o,,,
1,v:(o),,,
1,v:o,,,
1,v,,,
1,v,,,
1,v--o,,,
1,v_o:,,,
1,*vo*,,,
1,(v@o),,,
1,(#vo),,,
1,(@vo),,,
1,(@vo,,,
1,()@vo:,,,
1,('vo,,,
1,(-vo):,,,
1,:@vo,,,
1,:,,,
1,#NAME?,,,
1,-@v.o,,,
1,-@vo,,,
1,vDx,,,
1,vDVD,,,
1,VDV,,,
1,VDv,,,
1,VD...PO,,,
1,VDP,,,
1,VDOD,,,
1,VDO.,,,
1,VDO!!!,,,
1,VDO!,,,
1,VDO-,,,
1,"v"".Do",,,
1,VDDO,,,
1,VD',,,
1,VD?,,,
1,VD!!!!!,,,
1,VD!!,,,
1,V,,,
1,vD(*`*),,,
1,v..:D,,,
1,v/:/D,,,
1,v://D,,,
1,v;D,,,
1,v,,,
1,"v-""D",,,
1,(vD,,,
1,:)@vD,,,
1,v-B-po,,,
1,VB(^o^),,,
1,vBO,,,
1,v-/Bo,,,
1,vBo,,,
1,VBB,,,
1,VB(,,,
1,VB-,,,
1,V..B,,,
1,(VB,,,
1,v#B,,,
1,v,,,
1,v99v,,,
1,V99,,,
1,V93,,,
1,V93,,,
1,v93,,,
1,V.9,,,
1,V-9,,,
1,V-8X:,,,
1,v8B,,,
1,V--89,,,
1,(V83p),,,
1,V.83,,,
1,V-83,,,
1,V.8,,,
1,v8!!,,,
1,v8:,,,
1,v.8,,,
1,v!&#8;,,,
1,v_8,,,
1,(v8),,,
1,V3X,,,
1,V3VV,,,
1,V3O,,,
1,V3B,,,
1,v.39,,,
1,v..38,,,
1,v_38,,,
1,v.339,,,
1,V:3.3,,,
1,V33,,,
1,V3...,,,
1,V-3-,,,
1,(V3),,,
1,-$V<3,,,
1,v3.,,,
1,v3!,,,
1,v3,,,
1,v.3,,,
1,v,,,
1,v<3,,,
1,V***,,,
1,V*,,,
1,V$:,,,
1,V$,,,
1,V@,,,
1,V):,,,
1,V(*),,,
1,V(-_-;),,,
1,V(_`),,,
1,V(~_~;),,,
1,V(^^),,,
1,"V'!""",,,
1,"V.""",,,
1,V....,,,
1,V.,,,
1,V/,,,
1,V??,,,
1,V?!,,,
1,V!..,,,
1,"V!!!""",,,
1,V:),,,
1,V:.,,,
1,V--:,,,
1,V_,,,
1,V=.,,,
1,V~,,,
1,*V...,,,
1,(V+*:,,,
1,(V),,,
1,(V',,,
1,(V.),,,
1,(V!)..,,,
1,(V:),,,
1,(V:,,,
1,(V`),,,
1,(**)V,,,
1,()V(),,,
1,()V...,,,
1,()!?V,,,
1,(''*)V,,,
1,(!?)V,,,
1,:*._.V,,,
1,::V::,,,
1,#NAME?,,,
1,#NAME?,,,
1,-.-V,,,
1,-,,,
1,--V--!,,,
1,#NAME?,,,
1,<V,,,
1,^^V,,,
1,v+,,,
1,v#,,,
1,v#,,,
1,v&,,,
1,v**,,,
1,v],,,
1,v)　,,,
1,v).,,,
1,v)!!!,,,
1,v),,,
1,v(?),,,
1,v(:,,,
1,v(^^),,,
1,"v""!...",,,
1,v'!!!,,,
1,v.　',,,
1,v.#,,,
1,v.],,,
1,v.(),,,
1,v..''',,,
1,v...*,,,
1,"v...""""""",,,
1,v......,,,
1,v..??,,,
1,v..?,,,
1,v..!!,,,
1,v..:),,,
1,v..:,,,
1,v..~,,,
1,v.??,,,
1,v.!!,,,
1,v._.,,,
1,"v?""@:",,,
1,v??????,,,
1,v????,,,
1,v??:(,,,
1,v?:,,,
1,v?;),,,
1,v!),,,
1,v!),,,
1,v!...,,,
1,v!!:,,,
1,v!!;,,,
1,v!:),,,
1,v!:,,,
1,v!,,,
1,v!-;),,,
1,v!=)),,,
1,v:$,,,
1,v:@,,,
1,v:-),,,
1,v:-,,,
1,v;)),,,
1,v;.,,,
1,v,,,
1,v,',,
1,v,,,
1,v-,,,
1,v-_-,,,
1,v_,,,
1,v|,,,
1,v>>>,,,
1,v=!!,,,
1,v~.^,,,
1,"*v*""",,,
1,*v*?,,,
1,*'v,,,
1,*-v*,,,
1,(v)%,,,
1,(v)..,,,
1,(v)?.,,,
1,(v):,,,
1,(v:_),,,
1,(#v),,,
1,(*'v`*),,,
1,(*;v*),,,
1,(*^-)v,,,
1,(@v),,,
1,(@v.),,,
1,(@_v),,,
1,()(^^)v,,,
1,('v,,,
1,(._.)v,,,
1,(/v),,,
1,(/v,,,
1,(-_)v,,,
1,(^v^),,,
1,:*@v,,,
1,":""v",,,
1,:''v,,,
1,;v;),,,
1,;;v;,,,
1,#NAME?,,,
1,-v/,,,
1,#NAME?,,,
1,-v-_:,,,
1,-v-,,,
1,-..-v,,,
1,-.v,,,
1,-,,,
1,--v-,,,
1,--?v,,,
1,-_-@v:,,,
1,#NAME?,,,
1,#NAME?,,,
1,__v,,,
1,>>v,,,
1,=v=,,,
1,=))v,,,
1,<---v,,,
1,^__^v,,,
1,:p ,,,
1,:Pz,,,
1,":p""@zo:",,,
1,#NAME?,,,
1,(Pz,,,
1,#NAME?,,,
1,(pz,,,
1,":p""@z:",,,
1,#NAME?,,,
1,<pz,,,
1,(p:xx),,,
1,(pvo,,,
1,":p""@vo:",,,
1,(PV3),,,
1,:PV,,,
1,(Pv):,,,
1,(Pv),,,
1,(@_pv,,,
1,(@pv,,,
1,(.p.v.,,,
1,#NAME?,,,
1,<ppVD>,,,
1,:PPPPPP,,,
1,*ppppp*,,,
1,:P:PP:,,,
1,:PPP,,,
1,;PPP,,,
1,(Ppp,,,
1,-->Ppp,,,
1,*ppp,,,
1,:ppp?,,,
1,:ppp,,,
1,()PPOP,,,
1,*ppop*,,,
1,(ppoo,,,
1,(PPO,,,
1,(ppo)-,,,
1,(ppo),,,
1,()ppo,,,
1,(-ppo,,,
1,(ppo,,,
1,#NAME?,,,
1,(PP)　,,,
1,(PP)(),,,
1,()PP,,,
1,(PP,,,
1,:P:P,,,
1,#NAME?,,,
1,#NAME?,,,
1,<PP/>,,,
1,<--PP,,,
1,:Pp,,,
1,;Pp~',,,
1,;Pp,,,
1,-Pp-,,,
1,->#Pp,,,
1,*pP,,,
1,;pP,,,
1,#NAME?,,,
1,"*pp""",,,
1,*pp-,,,
1,"*""@pp:",,,
1,(p--p,,,
1,(p-p,,,
1,(@pp_,,,
1,()pp,,,
1,:pp:.,,,
1,":p""@p:",,,
1,:$/pp,,,
1,:)pp,,,
1,::pp,,,
1,#NAME?,,,
1,-pp!,,,
1,-pp:,,,
1,#NAME?,,,
1,#NAME?,,,
1,#NAME?,,,
1,#NAME?,,,
1,(Pov,,,
1,*pov,,,
1,(po/v):,,,
1,()popz:,,,
1,*popo,,,
1,#NAME?,,,
1,#NAME?,,,
1,#NAME?,,,
1,-POP],,,
1,-Pop!,,,
1,>Pop,,,
1,*poP*,,,
1,*pop,,,
1,(pop),,,
1,#NAME?,,,
1,(Pooo,,,
1,*pooo,,,
1,<PoO,,,
1,(Poo:,,,
1,(Poo,,,
1,(Poo,,,
1,_Poo,,,
1,*poo..,,,
1,('@po_o,,,
1,":p""@oo",,,
1,(PoDo),,,
1,#NAME?,,,
1,*)Po,,,
1,*-*Po.,,,
1,(Po).,,,
1,(Po.,,,
1,(Po:,,,
1,(P)o,,,
1,(@Po),,,
1,(@Po,,,
1,:??Po,,,
1,#NAME?,,,
1,#NAME?,,,
1,-Po:,,,
1,#NAME?,,,
1,*po*:,,,
1,(po.),,,
1,(po!),,,
1,(p/o?,,,
1,(*)()po,,,
1,()　po,,,
1,(-po),,,
1,:p@o:,,,
1,":-)""po",,,
1,#NAME?,,,
1,-po!?,,,
1,-po:,,,
1,#NAME?,,,
1,-po--,,,
1,-po-,,,
1,-p-o:,,,
1,-p-o--,,,
1,"-""po",,,
1,#NAME?,,,
1,_po_,,,
1,:pDo',,,
1,(PDD),,,
1,(+PD),,,
1,:):P:D,,,
1,:PD,,,
1,-PD-,,,
1,#NAME?,,,
1,#NAME?,,,
1,^^PD,,,
1,*p*:D,,,
1,(=|:p:D,,,
1,*PB*,,,
1,(PB),,,
1,#NAME?,,,
1,(P999),,,
1,:p:9,,,
1,<-p-/9>,,,
1,":p""@8_:",,,
1,#NAME?,,,
1,(:p3o),,,
1,0,,,
1,\^_^P,,,
1,*P...,,,
1,*P!*,,,
1,***P,,,
1,**P,,,
1,*..P,,,
1,"(P)""",,,
1,(P...,,,
1,(P.,,,
1,(P.,,,
1,(P`),,,
1,(*P)+,,,
1,()P(),,,
1,()　P,,,
1,()/P,,,
1,((P,,,
1,(-P):,,,
1,(`)P,,,
1,:P#,,,
1,:P@,,,
1,:P',,,
1,:P...,,,
1,:P?,,,
1,::P,,,
1,;;)@P:,,,
1,-P　#,,,
1,-P):,,,
1,#NAME?,,,
1,#NAME?,,,
1,-P!!!,,,
1,-P!!,,,
1,#NAME?,,,
1,-@P,,,
1,-.P/,,,
1,--...P,,,
1,---P:,,,
1,#NAME?,,,
1,#NAME?,,,
1,_P?,,,
1,_-P:,,,
1,=P@!,,,
1,=P',,,
1,=P~,,,
1,<=-P,,,
1,^P,,,
1,"*p*""@",,,
1,"*p*""",,,
1,*p..,,,
1,*p.,,,
1,*p?,,,
1,*p!,,,
1,*p,,,
1,*..p,,,
1,(p)),,,
1,(p)?,,,
1,(p)!!,,,
1,(p.),,,
1,(p?)-,,,
1,(p?),,,
1,(p:,,,
1,(p_*),,,
1,(p_-),,,
1,(&p,,,
1,(*p`),,,
1,(*)p^^,,,
1,(*^p^*),,,
1,(*p,,,
1,(@p,,,
1,(@p,,,
1,()p(),,,
1,()p.,,,
1,()(p),,,
1,():p,,,
1,()^p^,,,
1,('p.),,,
1,(/p,,,
1,(:p),,,
1,(;)(p`),,,
1,(;;)^p^,,,
1,(-p,,,
1,(^p^*),,,
1,(^^)@p:,,,
1,(`)@_p,,,
1,:p@_:,,,
1,:p[],,,
1,:p(,,,
1,":p"".",,,
1,:p.....,,,
1,":p.?""",,,
1,:p>,,,
1,:#p,,,
1,:*p,,,
1,:@_p,,,
1,":)""@p_:",,,
1,:)p,,,
1,:(:p,,,
1,":""p..",,,
1,::p.,,,
1,::p,,,
1,:,,,
1,:-p.,,,
1,:--p,,,
1,;p@:,,,
1,;;p,,,
1,#NAME?,,,
1,-p/,,,
1,-p?!,,,
1,#NAME?,,,
1,-p-?,,,
1,-...p,,,
1,--p.&,,,
1,#NAME?,,,
1,#NAME?,,,
1,-_-@p:,,,
1,->p,,,
1,_p(),,,
1,_p:,,,
1,_p_...,,,
1,_p_,,,
1,_p_,,,
1,___p,,,
1,>p<),,,
1,=p=,,,
1,<<p,,,
1,^p^　,,,
1,"^.^""@p:",,,
1,^^　p,,,
1,^^^p^,,,
1,O: ,,,
1,OZZ!!!!,,,
1,Ozz,,,
1,(ozv),,,
1,O-ZPV,,,
1,OZ-pp,,,
1,Ozozoz.,,,
1,Ozo--z,,,
1,OZO:,,,
1,OZO,,,
1,O-Zo,,,
1,O!zo,,,
1,(@O_zDx,,,
1,OZ...,,,
1,OZ..,,,
1,OZ?,,,
1,OZ!,,,
1,O-Z,,,
1,"Oz""",,,
1,Oz!,,,
1,Oz:,,,
1,Oz-,,,
1,O,,,
1,O-@z,,,
1,O-z,,,
1,(*)oz,,,
1,(@oz),,,
1,(;)oz,,,
1,(>_<)oz,,,
1,(^)@oz:,,,
1,(`;)oz,,,
1,(oz,,,
1,-oz:,,,
1,#NAME?,,,
1,_oz,,,
1,<#oz,,,
1,OXX,,,
1,(ox.v,,,
1,O...xp,,,
1,O--xp,,,
1,Oxo/B,,,
1,OXO,,,
1,Oxo:,,,
1,Oxo,,,
1,OXDO,,,
1,O!!!XD,,,
1,OX',,,
1,OX...,,,
1,O....X,,,
1,O-X,,,
1,Ox;,,,
1,Ox-,,,
1,(o)X,,,
1,(ox...,,,
1,-o-x:,,,
1,_ox,,,
1,OvZ,,,
1,Ovz,,,
1,Ovxpo,,,
1,OVX,,,
1,OVVV,,,
1,OV%V(),,,
1,(@ovv,,,
1,Ovpp,,,
1,Ovpoo,,,
1,OVP.,,,
1,OVP,,,
1,Ovp.,,,
1,Ov---p,,,
1,(ov/P),,,
1,#NAME?,,,
1,OVOXO,,,
1,OVOOO!,,,
1,-ovoo:,,,
1,Ovo!:D,,,
1,OVO!?,,,
1,O@Vo,,,
1,O-Vo!,,,
1,OVo,,,
1,Ovo?.,,,
1,Ovo:,,,
1,Ovo,,,
1,#NAME?,,,
1,(ovo)..,,,
1,(ovo)!!,,,
1,(ovo,,,
1,:ovo,,,
1,OVDOOO,,,
1,OV':Do,,,
1,(ov/Do,,,
1,OVDDO,,,
1,OVD/8/,,,
1,OVD!!!,,,
1,OVD:,,,
1,OV:D,,,
1,OV-Boo,,,
1,OVBO,,,
1,OVB/,,,
1,OV<3,,,
1,OV%,,,
1,OV(),,,
1,OV(,,,
1,"OV"".",,,
1,"OV"":",,,
1,OV',,,
1,OV..,,,
1,OV??('),,,
1,OV:,,,
1,O/-V.,,,
1,O/V,,,
1,O|V,,,
1,:OV,,,
1,#NAME?,,,
1,Ov),,,
1,"Ov""",,,
1,Ov...,,,
1,Ov..,,,
1,Ov/,,,
1,Ov!,,,
1,"O""@v:",,,
1,(Ov).,,,
1,(Ov,,,
1,#NAME?,,,
1,(ov.,,,
1,(ov,,,
1,(@ov,,,
1,()ov,,,
1,(-ov-),,,
1,":*""@ov:",,,
1,:@ov,,,
1,:-)ov,,,
1,-ov-,,,
1,-o_.v-,,,
1,#NAME?,,,
1,#NAME?,,,
1,<ov,,,
1,OPZ,,,
1,Opxxz;,,,
1,OPX!,,,
1,OpX,,,
1,Opx!,,,
1,OpVo,,,
1,(opvo),,,
1,OPV:,,,
1,(opv.,,,
1,Oppx:,,,
1,Oppx,,,
1,Opppo,,,
1,Oppp,,,
1,OPPOPP,,,
1,OppOP,,,
1,OPPOOPP,,,
1,Oppoo:,,,
1,Oppoo,,,
1,OP-po,,,
1,Oppo...,,,
1,Oppo.,,,
1,Oppo:,,,
1,OP/P,,,
1,Opp..,,,
1,Opp.,,,
1,Opp~,,,
1,O-pp?,,,
1,(Opp,,,
1,*opp,,,
1,(@opp),,,
1,OPOV,,,
1,OPOPOPO,,,
1,OpoP,,,
1,O..pop,,,
1,Opooo,,,
1,OPOO.,,,
1,OPOO,,,
1,OPOO,,,
1,Opoo?,,,
1,Op.oo,,,
1,Opoo,,,
1,O,POB,,
1,OPO!!!!,,,
1,OPO,,,
1,OP(^O^),,,
1,OP-O,,,
1,O-Po!,,,
1,OPo,,,
1,Opo....,,,
1,Opo.,,,
1,Opo?,,,
1,-Op_o-,,,
1,*opo*,,,
1,*opo,,,
1,(opo),,,
1,:#opo,,,
1,;;o;po,,,
1,#VALUE!,,,
1,OPDOPD,,,
1,Op-Do,,,
1,OP~:D,,,
1,OP-B,,,
1,OPB,,,
1,OP8^-^;,,,
1,OP3,,,
1,OP　,,,
1,"OP""",,,
1,OP.....,,,
1,OP....,,,
1,OP..,,,
1,OP.:,,,
1,OP/,,,
1,OP!..,,,
1,OP!!!,,,
1,OP-%,,,
1,O.P.,,,
1,O.P,,,
1,O///P/,,,
1,O!P,,,
1,O;)@P:,,,
1,O,,,
1,O-P,,,
1,***OP,,,
1,(OP):,,,
1,(OP,,,
1,(OP,,,
1,:OP://,,,
1,Op),,,
1,Op',,,
1,"Op.""",,,
1,Op..,,,
1,Op/.,,,
1,Op//,,,
1,Op!!!!,,,
1,Op!!!,,,
1,Op::,,,
1,Op:,,,
1,Op;,,,
1,O...*p,,,
1,O...p,,,
1,O!!　p,,,
1,O,,,
1,"O-p""",,,
1,(Op,,,
1,(op.),,,
1,(op!),,,
1,(#op,,,
1,()@o_p,,,
1,()op,,,
1,((op,,,
1,:(@op:,,,
1,#NAME?,,,
1,-op!,,,
1,-op-,,,
1,#NAME?,,,
1,-o-p~,,,
1,#NAME?,,,
1,_op_:,,,
1,OOZO!!!,,,
1,OOZO,,,
1,OO..Z(),,,
1,*ooz,,,
1,(^o^)oz,,,
1,-oo-z-,,,
1,OOX,,,
1,O/Ox,,,
1,Oox,,,
1,OOV)#op,,,
1,OO~vo,,,
1,OO.(v,,,
1,Oo-V,,,
1,O(ov,,,
1,*oo*[V],,,
1,(oov,,,
1,Oopz,,,
1,OOPX,,,
1,Oopp.,,,
1,OOPOP,,,
1,:#oopoo,,,
1,(oo,,,
1,(@oopo),,,
1,#NAME?,,,
1,OOPD,,,
1,OOP(`),,,
1,OOP!!,,,
1,OOP:-),,,
1,O-OP,,,
1,Oop',,,
1,"Oop!'""",,,
1,Oop!,,,
1,Oop,,,
1,Oo-p,,,
1,O/op,,,
1,O-op:,,,
1,O-op,,,
1,(oOp):,,,
1,-.-#ooP,,,
1,*oop*,,,
1,*oop..,,,
1,*oop,,,
1,(#oop,,,
1,(-oop),,,
1,OOOV,,,
1,Oo-o/V,,,
1,(ooov,,,
1,Ooop,,,
1,Ooo,,,
1,Ooop,,,
1,(@ooop),,,
1,*oooopp,,,
1,*ooooP,,,
1,Ooooop,,,
1,OOOOOOD,,,
1,OOOOOO.,,,
1,Oooooo,,,
1,Oooooo,,,
1,*oooooo,,,
1,OOOOO!!,,,
1,Ooooo.,,,
1,Ooooo,,,
1,Ooooo,,,
1,*ooooo,,,
1,OOOOD,,,
1,OOOO!!!,,,
1,OOOO!!,,,
1,OOOO:,,,
1,OOoo,,,
1,OooO,,,
1,Oooo,,,
1,\oooo/,,,
1,*oooo,,,
1,:)#oooo,,,
1,:oooo,,,
1,#NAME?,,,
1,OOOD,,,
1,OOO!!!B,,,
1,OOOB,,,
1,"OOO""",,,
1,OOO!!!!,,,
1,OO&O,,,
1,OO...O),,,
1,OO...O,,,
1,O-OO,,,
1,*OOO*,,,
1,OO(^o^),,,
1,OO...o,,,
1,OoO,,,
1,Ooo/,,,
1,Ooo!!!,,,
1,Ooo!!,,,
1,Ooo!,,,
1,Oo&o,,,
1,Oo,,,
1,O'oo,,,
1,O....oo,,,
1,O!!oo,,,
1,(Ooo),,,
1,(o^O^o),,,
1,\ooo,,,
1,(#ooo),,,
1,(.ooo),,,
1,(~@ooo),,,
1,(ooo,,,
1,:ooo:,,,
1,:#ooo,,,
1,:[ooo!,,,
1,:ooo,,,
1,#NAME?,,,
1,_oo.o,,,
1,_o@o.o,,,
1,"_""@ooo:",,,
1,OO:Dv,,,
1,OODOD,,,
1,OODOB.,,,
1,OODO..,,,
1,OODO.,,,
1,OODO,,,
1,OO,,,
1,OODDO.,,,
1,OODB:'(,,,
1,OOD/B,,,
1,OODB,,,
1,OOD.,,,
1,OOD?,,,
1,OOD:),,,
1,OoD,,,
1,Oo:D,,,
1,OOBOO.:,,,
1,OOBO-,,,
1,OOBO,,,
1,OOB!,,,
1,OOB:,,,
1,O_O_B(),,,
1,O.o...B,,,
1,_o_o93:,,,
1,_oo3B(),,,
1,(@oo3),,,
1,OO%,,,
1,OO*-*.,,,
1,OO):,,,
1,"OO""",,,
1,OO'',,,
1,OO':,,,
1,OO.',,,
1,OO.....,,,
1,OO..,,,
1,OO/,,,
1,OO!?,,,
1,OO!!!!!,,,
1,OO!!!|,,,
1,OO~~~>,,,
1,OO~~,,,
1,OO~,,,
1,O(O),,,
1,O(^O^)/,,,
1,O(^O^),,,
1,O'O,,,
1,O..O,,,
1,O-O..,,,
1,O-O-??,,,
1,O-O-,,,
1,"O_O""",,,
1,O_O',,,
1,O_O.,,,
1,O__O,,,
1,*O.O*,,,
1,(OO`),,,
1,(O_O),,,
1,(#OO.),,,
1,(*OO),,,
1,(^^OO,,,
1,:O:O,,,
1,:OO,,,
1,=OO=,,,
1,^OO^,,,
1,Oo'.,,,
1,Oo?!(;,,,
1,Oo?,,,
1,Oo!!:,,,
1,Oo!!,,,
1,Oo-_-,,,
1,O　#o,,,
1,O&o;,,,
1,O(^_^o),,,
1,O(o,,,
1,"O""@o_:",,,
1,O'o.,,,
1,O.(@o,,,
1,O..o!!,,,
1,O...o!,,,
1,O..o,,,
1,O!@o,,,
1,O::o::,,,
1,O,,,
1,O-o-,,,
1,O_o<,,,
1,(O)-o)),,,
1,(O_o),,,
1,(Oo,,,
1,(o_O),,,
1,(*)oO,,,
1,((oO)),,,
1,(--)oO(,,,
1,--).oO,,,
1,\o/\o/,,,
1,*oo*[,,,
1,*o*#o,,,
1,**oo,,,
1,(oo)/~,,,
1,(oo)/,,,
1,(oo),,,
1,(oo.):,,,
1,(oo:,,,
1,(oo-,,,
1,(o)o.,,,
1,(o)(o),,,
1,(o)(o,,,
1,(o'o),,,
1,(o-o),,,
1,(o-o,,,
1,(o_`o),,,
1,(o^-^)o,,,
1,(o^^o)!,,,
1,(o`)o,,,
1,(@oo).,,,
1,(@oo,,,
1,()@oo:,,,
1,()(oo),,,
1,()oo,,,
1,('-oo),,,
1,(.oo,,,
1,(;)@oo,,,
1,(--),,,
1,(_)@oo,,,
1,:oo:,,,
1,:oo,,,
1,:@oo,,,
1,:)@oo,,,
1,-oo),,,
1,#NAME?,,,
1,-oo!,,,
1,#NAME?,,,
1,"-oo-""",,,
1,-o.o-,,,
1,-o-o:,,,
1,#NAME?,,,
1,-#oo,,,
1,-@o.o,,,
1,-@oo,,,
1,--..oo,,,
1,--/oo,,,
1,_oo,,,
1,_o_o,,,
1,>>@oo:,,,
1,<#oo>,,,
1,OD.Z,,,
1,ODZ,,,
1,ODVDO,,,
1,ODV??,,,
1,OD!Pp!!,,,
1,ODOVOO,,,
1,ODODO,,,
1,:oDoBBD,,,
1,ODOB,,,
1,ODO',,,
1,O-DO-:,,,
1,OD'-o,,,
1,O'Do',,,
1,O-Do,,,
1,ODDO!,,,
1,ODDDDDD,,,
1,ODD!!!,,,
1,ODBOD,,,
1,ODB,,,
1,OD!<3,,,
1,OD<3,,,
1,OD3,,,
1,OD&,,,
1,OD@;,,,
1,OD(),,,
1,OD':,,,
1,OD.....,,,
1,OD?,,,
1,"OD!""",,,
1,OD!',,,
1,OD!?,,,
1,OD!>,,,
1,OD:...,,,
1,OD-,,,
1,O　D,,,
1,O*D,,,
1,O'D,,,
1,O.D.:,,,
1,O..D,,,
1,O!D&,,,
1,O:D,,,
1,O;D,,,
1,O,:D,,
1,*OD,,,
1,(O-D),,,
1,::OD(,,,
1,--O--D-,,,
1,#NAME?,,,
1,":o""@D:",,,
1,:oD,,,
1,(oBzz):,,,
1,"O""@Bxx:",,,
1,OBV,,,
1,OBOOOD,,,
1,OBOD',,,
1,OBO.,,,
1,OBO-,,,
1,OB(`O*),,,
1,(OBO),,,
1,OBD?,,,
1,OBB(o),,,
1,OBBD,,,
1,(OBB:,,,
1,OB),,,
1,OB',,,
1,OB!,,,
1,O,,,
1,O-B],,,
1,O--B!,,,
1,O--B,,,
1,O~B,,,
1,()!OB,,,
1,-O'B,,,
1,-O-B-!,,,
1,(o-B,,,
1,#NAME?,,,
1,O98PB,,,
1,(o98),,,
1,()@o9,,,
1,O8Po.,,,
1,O-(8.8,,,
1,O8^^(:),,,
1,O&#8;,,,
1,O(8),,,
1,O..8,,,
1,O-8,,,
1,O_8,,,
1,(^O^)8,,,
1,O8,,,
1,(@o8:,,,
1,(o8,,,
1,O3.V,,,
1,O&#39;,,,
1,O-3-9,,,
1,(o333),,,
1,O3-3,,,
1,O33,,,
1,O.3,,,
1,O-3-,,,
1,*o3,,,
1,___o_3,,,
1,O&,,,
1,O*:,,,
1,O{},,,
1,O)),,,
1,"O)""",,,
1,O)',,,
1,O).,,,
1,O),,,
1,O(*,,,
1,O()(),,,
1,O()!!!!,,,
1,O(_),,,
1,O(__),,,
1,O(><),,,
1,O(^_^;),,,
1,O(^^),,,
1,"O""　",,,
1,"O""@:",,,
1,"O""""",,,
1,"O""?",,,
1,"O"":",,,
1,O':,,,
1,"O..""",,,
1,O...',,,
1,O......,,,
1,O..?,,,
1,O..!!!!,,,
1,O.?,,,
1,O.!!,,,
1,O.!,,,
1,O/',,,
1,O///,,,
1,O?(),,,
1,O!　,,,
1,O!...:,,,
1,O!?!?,,,
1,O!?!,,,
1,O!!/,,,
1,"O!!!""",,,
1,O!!!',,,
1,O!!!:,,,
1,O!:,,,
1,O!-_-,,,
1,O!>,,,
1,O:**,,,
1,"O:)""",,,
1,O::,,,
1,O:-),,,
1,O;(,,,
1,O,,,
1,O,,,
1,O,,,
1,O,,,
1,O---,,,
1,O__,,,
1,O>...,,,
1,O>,,,
1,O=)),,,
1,O=),,,
1,O=.,,,
1,O=====>,,,
1,O^^,,,
1,"\\""O\\""",,,
1,\(O`)>,,,
1,\(^O^)/,,,
1,*O*!,,,
1,*O?!,,,
1,*O,,,
1,(O)(-,,,
1,(O):,,,
1,(O)-<),,,
1,(O)-<_),,,
1,(O',,,
1,(O...),,,
1,(O!),,,
1,(O!!!),,,
1,(O_-),,,
1,(*O*),,,
1,(*^O^*),,,
1,()@_O:,,,
1,()/O,,,
1,((O..)),,,
1,((O....,,,
1,"(""O)",,,
1,(.O.),,,
1,(.O,,,
1,(;O;)/,,,
1,(;O;),,,
1,(-_)@O_,,,
1,(-O,,,
1,(_)-O)),,,
1,"(_"")--O",,,
1,(^O^)@:,,,
1,(^O^)!,,,
1,(^O^,,,
1,":O""@:",,,
1,:O?,,,
1,:O!!!!,,,
1,:O!!,,,
1,:O!,,,
1,:O;,,,
1,:O,,,
1,:@.O,,,
1,":""@O:",,,
1,:::O:::,,,
1,;O.,,,
1,;:O,,,
1,;-)...O,,,
1,#NAME?,,,
1,#NAME?,,,
1,#NAME?,,,
1,-O;;,,,
1,#NAME?,,,
1,-O-,,,
1,-)O!!,,,
1,-(O)-,,,
1,-/O,,,
1,-:O,,,
1,--O!,,,
1,--O:,,,
1,----O--,,,
1,#NAME?,,,
1,_O:,,,
1,_O_,,,
1,_O,,,
1,#NAME?,,,
1,#NAME?,,,
1,<.O>-/,,,
1,^O.,,,
1,^O^;,,,
1,\o/*,,,
1,\o////,,,
1,\\o//,,,
1,\('o'\),,,
1,\^o^/,,,
1,*o*.,,,
1,*o*!!,,,
1,"*o""",,,
1,*o..,,,
1,*o?!,,,
1,*o!*,,,
1,*o:,,,
1,*+o'*,,,
1,**o**,,,
1,**o**,,,
1,****o,,,
1,"**""o",,,
1,*)(o),,,
1,*(o)/*,,,
1,*'')o,,,
1,*;o),,,
1,*_o,,,
1,(o)　,,,
1,(o)):,,,
1,(o)),,,
1,(o)(_`),,,
1,(o)...,,,
1,(o).,,,
1,(o)/~~~,,,
1,(o)/,,,
1,(o)?,,,
1,(o)!!,,,
1,(o)=,,,
1,(o(^^),,,
1,"(o"")",,,
1,(o'):,,,
1,(o',,,
1,(o..),,,
1,(o/,,,
1,(o:),,,
1,(o,,,
1,(o-):,,,
1,(o-,,,
1,(o-,,,
1,(o_,,,
1,(o^-'),,,
1,(o^-^),,,
1,(#o),,,
1,(&o;,,,
1,(*o*),,,
1,(**)o,,,
1,(*)o,,,
1,(*^o^)/,,,
1,(*^o^),,,
1,(@o)@,,,
1,(@o)(@),,,
1,(@o)(),,,
1,(@o)',,,
1,(@_)@o_,,,
1,()　#o,,,
1,()@o.,,,
1,()(^o^;,,,
1,().'@o,,,
1,((o),,,
1,(((o)),,,
1,(((o),,,
1,((o,,,
1,"(""o)-",,,
1,('o'*),,,
1,('o,,,
1,(.o),,,
1,(.o,,,
1,(.)#o/,,,
1,(...o,,,
1,(/)@o_,,,
1,(/'o')/,,,
1,(/^o^)/,,,
1,(;o;)(),,,
1,(;o;)!!,,,
1,(;)o!!(,,,
1,(-o),,,
1,(-o),,,
1,(_o),,,
1,(=^o^=),,,
1,(<^o^)>,,,
1,(~o~),,,
1,(^o^)@,,,
1,"(^o^)""",,,
1,(^o^)!!,,,
1,(^o^)-,,,
1,(^o^)>,,,
1,(^^o),,,
1,(^^)@o,,,
1,"(`o""((",,,
1,:o},,,
1,:o).,,,
1,:o(,,,
1,":o""",,,
1,:o.,,,
1,:o?,,,
1,:@_o,,,
1,:@o,,,
1,":)""@o:",,,
1,:)..o,,,
1,:)o,,,
1,":(""@o_:",,,
1,":(""@_o:",,,
1,":""o",,,
1,:'o,,,
1,:.o,,,
1,::@o:,,,
1,:-(@o,,,
1,:-o,,,
1,:`((@o,,,
1,;o.,,,
1,;o-,,,
1,;;(^o^),,,
1,-o*,,,
1,-o),,,
1,-o!!,,,
1,-o-',,,
1,-o-:,,,
1,-#o,,,
1,-@o_,,,
1,-@o,,,
1,-(^o^),,,
1,-(o,,,
1,-.''o,,,
1,-...&o;,,,
1,-.-o,,,
1,-!!o,,,
1,--o',,,
1,--o!,,,
1,--o-!,,,
1,--o-,,,
1,--@o!,,,
1,-_-@o:,,,
1,"-_-""@o:",,,
1,->o,,,
1,"_o""",,,
1,_o,,,
1,_o-,,,
1,_@o...,,,
1,_)o(),,,
1,_)o,,,
1,__o,,,
1,>o>,,,
1,>o<,,,
1,>:o,,,
1,>---o,,,
1,>o,,,
1,=o),,,
1,=o(||),,,
1,=o!,,,
1,=o=,,,
1,=)#o,,,
1,<o/,,,
1,<@_o:,,,
1,<)o))),,,
1,</o>,,,
1,<-o>,,,
1,<----o,,,
1,<---o,,,
1,<<<o,,,
1,^o~,,,
1,^o^)(),,,
1,"^^""@o:",,,
1,D ,,,
1,DzZzz,,,
1,Dzzzz*,,,
1,Dzzx,,,
1,Dzzv3,,,
1,DZXVB,,,
1,DZ-V38,,,
1,Dzpp,,,
1,(Dzp),,,
1,Dz#Ooo,,,
1,Dzo..,,,
1,Dzo.,,,
1,DZDO,,,
1,DZB,,,
1,Dz-B,,,
1,DZ...,,,
1,Dz!!!!,,,
1,Dz-.,,,
1,:D@_z,,,
1,_Dz:,,,
1,:Dxx,,,
1,Dxoo,,,
1,DX,,,
1,D_xo:,,,
1,DX:D,,,
1,DXBxZ,,,
1,D-XB,,,
1,DxB,,,
1,DX,,,
1,Dx9,,,
1,DX8,,,
1,D-X3,,,
1,DX3,,,
1,DX...,,,
1,DX!,,,
1,DX,,,
1,D/X,,,
1,Dx',,,
1,Dx.,,,
1,Dx-,,,
1,D-x,,,
1,*Dx*,,,
1,(Dx),,,
1,DvZo,,,
1,D-VX,,,
1,Dvx:,,,
1,Dv,,,
1,DVPX9,,,
1,Dvpo.,,,
1,Dvp,,,
1,(D)vovo,,,
1,DVOV,,,
1,Dvopp:,,,
1,Dvopp,,,
1,Dvop',,,
1,Dvop/,,,
1,Dvop:,,,
1,#NAME?,,,
1,DVOO,,,
1,Dvoo',,,
1,Dvoo...,,,
1,DVO!!,,,
1,DVO:,,,
1,DVO;,,,
1,DV-O',,,
1,DvO,,,
1,Dvo',,,
1,(Dvo,,,
1,DVDV.,,,
1,DVDp-X:,,,
1,DVDp-X,,,
1,DVDP,,,
1,DvDP,,,
1,DVD(o),,,
1,DVDD,,,
1,DVD-BOX,,,
1,DVDBOX,,,
1,DVD9V!,,,
1,DVD+,,,
1,DVD()!?,,,
1,DVD(),,,
1,DVD(><),,,
1,DVD(,,,
1,"DVD""",,,
1,DVD....,,,
1,DVD...,,,
1,DVD????,,,
1,DVD!?,,,
1,DVD!,,,
1,DVD-,,,
1,DVD>,,,
1,DV/D,,,
1,DV-D,,,
1,D.V.D.,,,
1,(+DVD),,,
1,()DVD,,,
1,(^^)DVD,,,
1,#NAME?,,,
1,DV98,,,
1,(D:v93),,,
1,DV3-,,,
1,D:V3,,,
1,DV　,,,
1,DV(),,,
1,DV...,,,
1,DV/,,,
1,DV/,,,
1,DV!!!,,,
1,DV!!,,,
1,DV,,,
1,D'V,,,
1,D-V,,,
1,([DV]),,,
1,:DV,,,
1,<DV,,,
1,Dv()...,,,
1,Dv..,,,
1,Dv?,,,
1,Dv!!,,,
1,Dv-,,,
1,D'v:,,,
1,D.v,,,
1,D-v',,,
1,":Dv""",,,
1,";D""@v_:",,,
1,DPZ,,,
1,DPX-o,,,
1,D/Px,,,
1,Dpvo:,,,
1,DPVD,,,
1,DPV,,,
1,Dpv,,,
1,DPPOD,,,
1,DPpo,,,
1,Dppo.,,,
1,DPP3,,,
1,#NAME?,,,
1,Dpp',,,
1,Dpp:,,,
1,(Dpp),,,
1,:D@pp,,,
1,Dpovo,,,
1,_Dpov,,,
1,DPOPO,,,
1,DPOOO,,,
1,Dpoo,,,
1,Dpo-B.,,,
1,D--Po,,,
1,Dpo.,,,
1,Dp_o,,,
1,D@po,,,
1,D,,,
1,":D""@po:",,,
1,DPDZ,,,
1,DPDO,,,
1,DPD.,,,
1,DP-BD,,,
1,DP:8,,,
1,DP3.,,,
1,DP3:,,,
1,DP*,,,
1,DP..,,,
1,DP.,,,
1,DP?,,,
1,DP!!!,,,
1,DP,,,
1,DP-:,,,
1,DP=,,,
1,D.P,,,
1,D:P,,,
1,D-/P:,,,
1,D-/P,,,
1,(DP)!,,,
1,(DP),,,
1,(D/P),,,
1,"Dp""",,,
1,Dp...,,,
1,Dp..,,,
1,Dp?,,,
1,Dp!!!!,,,
1,Dp!!!,,,
1,Dp:),,,
1,Dp-,,,
1,D#p,,,
1,D....p,,,
1,D.p,,,
1,D,,,
1,D-p,,,
1,":D""p",,,
1,:D:p,,,
1,-@Dp,,,
1,DOZ.,,,
1,DOZ,,,
1,D.Oz-,,,
1,DoZ,,,
1,"Doz""",,,
1,Doz...,,,
1,Doz.,,,
1,Doz,,,
1,Doz~,,,
1,"D""@_oz:",,,
1,D.oz,,,
1,D:oz,,,
1,Do'!Xv,,,
1,DoXO',,,
1,DOX,,,
1,Dovv,,,
1,DovP{},,,
1,Dovo,,,
1,DOv,,,
1,Dov,,,
1,"Do""@v:",,,
1,Do.v:,,,
1,Doppp,,,
1,Do-Pp:,,,
1,Dopp.,,,
1,Do-pp:,,,
1,:Dopp,,,
1,DOPo,,,
1,Do/Po/,,,
1,Dopo,,,
1,DopBox,,,
1,Dop:9,,,
1,Do.p3,,,
1,DO,,,
1,Dop!,,,
1,Dop,,,
1,Dop=,,,
1,Do,,,
1,Do-p,,,
1,D.op,,,
1,#NAME?,,,
1,Doozo,,,
1,Dooz,,,
1,(@Doovo,,,
1,Doov',,,
1,Doov?,,,
1,Do/op,,,
1,Do-op,,,
1,Doop,,,
1,DOOOOOO,,,
1,DOOOO,,,
1,Doooo,,,
1,DOOO.,,,
1,DO...OO,,,
1,D...OOO,,,
1,Dooo.,,,
1,Dooo?,,,
1,Dooo,,,
1,DOOD/,,,
1,<==DOOD,,,
1,Doo:/D,,,
1,DOO),,,
1,DOO.,,,
1,DOO/,,,
1,DOO!!!!,,,
1,DOO!!!,,,
1,DOO:,,,
1,DO....O,,,
1,D-OO-,,,
1,(DOO),,,
1,D'Oo,,,
1,Do.:O,,,
1,Do!O,,,
1,Doo?,,,
1,Doo!!!,,,
1,Do)(o,,,
1,Do...o,,,
1,Do..o,,,
1,Do-o,,,
1,D+oo,,,
1,D'oo,,,
1,D,,,
1,D-oo?,,,
1,(Doo),,,
1,DoDo+xx,,,
1,DODODD,,,
1,DODO.,,,
1,DODD],,,
1,Do_DBB,,,
1,DOD8,,,
1,D:OD,,,
1,DOBO,,,
1,DOBO,,,
1,DOBB,,,
1,DO.B!!,,,
1,DO.B,,,
1,DoB,,,
1,Do&#8;,,,
1,DO3D!!,,,
1,DO!3,,,
1,DO　,,,
1,DO*,,,
1,DO'...,,,
1,DO.....,,,
1,DO....,,,
1,DO???,,,
1,DO??,,,
1,DO!!!!,,,
1,D)*O,,,
1,D?O,,,
1,*DO,,,
1,(DO),,,
1,(DO,,,
1,;DO:,,,
1,_DO_,,,
1,Do':,,,
1,Do',,,
1,Do.*,,,
1,Do/,,,
1,Do???,,,
1,Do?!,,,
1,Do!),,,
1,"Do:""",,,
1,Do:!!!,,,
1,Do;(,,,
1,Do^^,,,
1,D&o;,,,
1,D'o...,,,
1,D:o,,,
1,D,,,
1,D--o,,,
1,*Do*,,,
1,(Do,,,
1,:D\o/.,,,
1,":D""@o:",,,
1,":D""@o",,,
1,:D...o,,,
1,:D..o,,,
1,-Do:,,,
1,-D-o-:,,,
1,DDX3v,,,
1,DDX3,,,
1,DD,,,
1,DDVDVD,,,
1,DDVD(),,,
1,D+DVD,,,
1,D/DVD,,,
1,DDVD,,,
1,D　DPP,,,
1,DDPOPV,,,
1,D.DPO,,,
1,DDP~,,,
1,(DDP),,,
1,DDP,,,
1,DDOPOP:,,,
1,DDO(_),,,
1,DDO.,,,
1,DDO,,,
1,DD...O,,,
1,DD(^o^),,,
1,DDo,,,
1,DDDDDDD,,,
1,DDDDDD',,,
1,DDDDD((,,,
1,DDDDD:,,,
1,DDDD.,,,
1,#NAME?,,,
1,>:DDDD,,,
1,"DDD"".",,,
1,DDD!,,,
1,DDD:,,,
1,DDD-,,,
1,D.D.D,,,
1,>:DDD<,,,
1,>:DDD,,,
1,#NAME?,,,
1,#NAME?,,,
1,D,,,
1,DD8,,,
1,DD3B,,,
1,DD-333,,,
1,DD:33,,,
1,DD3,,,
1,DD3-,,,
1,DD:3,,,
1,D-D3,,,
1,DD3,,,
1,DD**,,,
1,DD],,,
1,DD(*`),,,
1,DD...,,,
1,DD?,,,
1,DD!??!,,,
1,DD!!!!,,,
1,DD!!!,,,
1,DD^_^;,,,
1,D　#D,,,
1,D(_)@D,,,
1,D::D,,,
1,D:D,,,
1,D-D?,,,
1,D-D;,,,
1,(DD,,,
1,":DD""",,,
1,:D;D!,,,
1,":""DD",,,
1,:'DD,,,
1,:-DD,,,
1,-DD-,,,
1,#NAME?,,,
1,=DD!!,,,
1,=D=D=)),,,
1,<D　D,,,
1,<:D<:D,,,
1,DBZ,,,
1,DBz,,,
1,DBOD,,,
1,D'Bo,,,
1,"DBD""",,,
1,D-B-D,,,
1,DBBB,,,
1,D-BB:,,,
1,DB833B,,,
1,DB&#39;,,,
1,DB.,,,
1,DB!!,,,
1,DB!,,,
1,DB-,,,
1,D(B),,,
1,D.B,,,
1,":D""@B:",,,
1,D99,,,
1,D_98,,,
1,D9,,,
1,D:+9,,,
1,D:'9,,,
1,D:9,,,
1,D-9,,,
1,D-8-98,,,
1,D89,,,
1,D8-8-9,,,
1,D:839,,,
1,(D833):,,,
1,D83,,,
1,D8(`),,,
1,D8:,,,
1,D#8,,,
1,D..8,,,
1,D.8,,,
1,D-8,,,
1,:D8,,,
1,D3-Z,,,
1,D3V_:,,,
1,D3DV,,,
1,D:3D...,,,
1,D-3D,,,
1,D3D,,,
1,D-38,,,
1,D33,,,
1,;D<33,,,
1,D33,,,
1,D3):,,,
1,D3-,,,
1,D-3,,,
1,D--3,,,
1,D=-.3,,,
1,D<3,,,
1,(D3):,,,
1,:D3,,,
1,#NAME?,,,
1,=D3-|,,,
1,<D3,,,
1,D　(),,,
1,D　...,,,
1,D++++++,,,
1,D+,,,
1,D&,,,
1,D*:,,,
1,D@,,,
1,D]:,,,
1,D).,,,
1,D(*),,,
1,D()#,,,
1,D('),,,
1,D(;)!,,,
1,D(;`),,,
1,D(=),,,
1,D(^_),,,
1,D(^_^;),,,
1,D(^^),,,
1,D(`),,,
1,"D""@:",,,
1,"D""...",,,
1,"D""?",,,
1,"D""!",,,
1,"D"":",,,
1,"D""",,,
1,"D'""",,,
1,D'...,,,
1,D'/,,,
1,D'!,,,
1,D.)),,,
1,D...',,,
1,D....',,,
1,D..!!,,,
1,D..!,,,
1,D.!!,,,
1,D.:,,,
1,D.;-))),,,
1,D.,,,
1,"D?""",,,
1,D??!,,,
1,D?!?!,,,
1,D?!?,,,
1,D!　,,,
1,D!..,,,
1,D!?!,,,
1,D!!,,,
1,D:[],,,
1,D:'),,,
1,D:...,,,
1,D:,,,
1,D:-)),,,
1,D:--...,,,
1,D:--,,,
1,D:|,,,
1,D:<,,,
1,D;*,,,
1,D,,,
1,D,,,
1,D,,,
1,D,,,
1,D,,,
1,D-'...,,,
1,D-.....,,,
1,D-.,,,
1,D---,,,
1,D-_-,,,
1,D_/,,,
1,D|%,,,
1,D>,,,
1,D~~,,,
1,D~^^,,,
1,D`,,,
1,\\=D/,,,
1,*D*,,,
1,*D!,,,
1,***D:,,,
1,**D,,,
1,*:D*,,,
1,*:D,,,
1,(D)||,,,
1,(D.,,,
1,(#D),,,
1,(*)D,,,
1,(@D),,,
1,()D(_,,,
1,()=D,,,
1,()D,,,
1,(:D)||,,,
1,(:D)=-,,,
1,(-)D,,,
1,(^^)D,,,
1,":D"">",,,
1,:D...?,,,
1,:D..,,,
1,:D//,,,
1,:D!!!!,,,
1,:D!!!,,,
1,:D:,,,
1,:D,,,
1,:D=),,,
1,:D~~,,,
1,":*""@D_:",,,
1,:$:D,,,
1,:)D,,,
1,":""D..",,,
1,:''''D,,,
1,:.D..,,,
1,://D,,,
1,::D,,,
1,:-D...,,,
1,:-D.,,,
1,:-D<--,,,
1,:___D,,,
1,:__D,,,
1,:_D,,,
1,;D.,,,
1,;D:$,,,
1,;D:,,,
1,;D,,,
1,;'D,,,
1,;;D,,,
1,";-D""",,,
1,#NAME?,,,
1,#NAME?,,,
1,-D:,,,
1,-\=D/,,,
1,-@D,,,
1,-.:D,,,
1,--(D,,,
1,"--"":D",,,
1,#NAME?,,,
1,_D...,,,
1,_@D_,,,
1,__D__-,,,
1,_____D,,,
1,"=D""@:",,,
1,"=D""",,,
1,=D',,,
1,=D//,,,
1,=D!,,,
1,='D#,,,
1,=^=D=^=,,,
1,=^D,,,
1,<D->,,,
1,<D>,,,
1,<:D,,,
1,<---D,,,
1,#NAME?,,,
1,-B'z,,,
1,(B)X,,,
1,^BX,,,
1,<BV,,,
1,(B-P,,,
1,(Bp),,,
1,*Boz,,,
1,:Boz,,,
1,#NAME?,,,
1,(Box,,,
1,-Box!,,,
1,(Bop):,,,
1,-Boo:,,,
1,_Boo,,,
1,*BO,,,
1,(BO)(,,,
1,(BO),,,
1,:BO,,,
1,_BO,,,
1,*Bo*,,,
1,*Bo,,,
1,(Bo):,,,
1,().Bo,,,
1,-Bo:,,,
1,-@Bo,,,
1,#NAME?,,,
1,<-Bo,,,
1,#NAME?,,,
1,#NAME?,,,
1,(*`)BBV,,,
1,(BB_p),,,
1,(B,,,
1,*BBo*,,,
1,:@BBD,,,
1,:BBB,,,
1,(BB3)B,,,
1,(BB),,,
1,(B#B):,,,
1,(B#B),,,
1,()BB,,,
1,(^^)BB,,,
1,(BB,,,
1,-#BB,,,
1,#VALUE!,,,
1,(B8)B,,,
1,#VALUE!,,,
1,(B3O):,,,
1,*B!,,,
1,(B)-,,,
1,(B////),,,
1,(B:,,,
1,(B;):,,,
1,(B-):,,,
1,(B--),,,
1,(B-,,,
1,(#B),,,
1,(@_B),,,
1,()B!,,,
1,()(^^)B,,,
1,((B)),,,
1,((B!)),,,
1,(((B))),,,
1,(`)B.,,,
1,:B...,,,
1,:).B,,,
1,:-B,,,
1,;B,,,
1,-B:,,,
1,-B-,,,
1,-#B,,,
1,#NAME?,,,
1,_B_,,,
1,#NAME?,,,
1,<B　>,,,
1,<B,,,
1,:9&#x;,,,
1,(.9v/),,,
1,(9p),,,
1,(:9p,,,
1,-9p:,,,
1,(9ooD3),,,
1,-999,,,
1,(9-99),,,
1,-99.9,,,
1,(99-8),,,
1,(998,,,
1,::.998,,,
1,_998,,,
1,-993,,,
1,(9:9:3),,,
1,993,,,
1,\9,,,
1,(99).,,,
1,(99,,,
1,-99:,,,
1,_99_:,,,
1,99,,,
1,-98D,,,
1,-.989:O,,,
1,-988,,,
1,(988/,,,
1,-98,,,
1,(98,,,
1,($98.,,,
1,:98%,,,
1,-9-8..,,,
1,\9\39,,,
1,-939,,,
1,-9383,,,
1,()933,,,
1,-9.3,,,
1,(93,,,
1,\9,,,
1,*9*,,,
1,*:9,,,
1,-9%,,,
1,(9).,,,
1,-9.00%,,,
1,(9..),,,
1,(9::),,,
1,(　)9,,,
1,(*)9,,,
1,($9,,,
1,()　9,,,
1,()@9_,,,
1,()(9),,,
1,()//(9),,,
1,(((9,,,
1,-0.9,,,
1,(.9:),,,
1,(-9-),,,
1,(--9,,,
1,(^^)9,,,
1,"(`)""@9:",,,
1,(`)9,,,
1,:9.(),,,
1,:9?,,,
1,:9:,,,
1,:9,,,
1,:))..9,,,
1,:::9:,,,
1,::9,,,
1,-9,,,
1,-9!,,,
1,-9,,,
1,---9---,,,
1,><9,,,
1,>9,,,
1,0.09,,,
1,<9>,,,
1,^)()9,,,
1,8 %,,,
1,:8 ,,,
1,8 ,,,
1,8Z,,,
1,8x9,,,
1,:8:,,,
1,8x8,,,
1,8x3,,,
1,8x,,,
1,:8&#x;,,,
1,-/8x,,,
1,8-Vo,,,
1,8V+-9-8,,,
1,8V8,,,
1,-8;V3,,,
1,8V:,,,
1,8(^^)v,,,
1,8p(v),,,
1,8p,,,
1,8-POPo,,,
1,8　P,,,
1,8.P,,,
1,8p],,,
1,8p?!,,,
1,8p:/,,,
1,8-p..,,,
1,8-p,,,
1,8--p,,,
1,8ov,,,
1,8oo',,,
1,8oD,,,
1,8-O3,,,
1,8!(^O^),,,
1,8--O,,,
1,8O,,,
1,8(;o;),,,
1,8(^o^)/,,,
1,8...o',,,
1,8:(_)o,,,
1,8:o,,,
1,8,,,
1,8-o,,,
1,8--o,,,
1,8-o,,,
1,8=o,,,
1,8^}o+,,,
1,8(DVD),,,
1,-8-D-O!,,,
1,8D8,,,
1,8D),,,
1,8D!!.,,,
1,8-D,,,
1,8Bop,,,
1,8BB,,,
1,8B9,,,
1,8B/8,,,
1,8B,,,
1,8B(),,,
1,8B...,,,
1,89Z,,,
1,89&#x;,,,
1,89VV,,,
1,89D,,,
1,8999,,,
1,8998/,,,
1,89-9-8,,,
1,8998,,,
1,899:00:00,,,
1,89.9#,,,
1,08-09-2009,,,
1,-899,,,
1,:899,,,
1,898389,,,
1,-898,,,
1,8.98,,,
1,-898,,,
1,893998,,,
1,8938,,,
1,8933,,,
1,8933,,,
1,89(,,,
1,89...,,,
1,89/,,,
1,89,,,
1,89,,,
1,8.9:,,,
1,08-Sep,,,
1,8:　.9,,,
1,8-9-,,,
1,8--9,,,
1,\8,,,
1,(8-9),,,
1,()89:--,,,
1,(-8-9,,,
1,(89,,,
1,:8.9,,,
1,88xx,,,
1,88&#x;,,,
1,8-8V,,,
1,8-8p,,,
1,(88p),,,
1,88p,,,
1,8899,,,
1,Aug-88,,,
1,08:08:09,,,
1,-97,,,
1,888v,,,
1,88899,,,
1,88-89,,,
1,88888,,,
1,888833,,,
1,888+++8,,,
1,8,,,
1,08-08-1988,,,
1,8888,,,
1,888-:,,,
1,8.80E+09,,,
1,88-8,,,
1,8.8.8,,,
1,8/8/8.,,,
1,Aug-88,,,
1,(8-88),,,
1,-96,,,
1,8833,,,
1,88　,,,
1,88%,,,
1,88',,,
1,88...,,,
1,88,,,
1,8　8,,,
1,8+8=,,,
1,8:/8:,,,
1,8::8,,,
1,8,,,
1,8-8-,,,
1,8____8,,,
1,(88',,,
1,()88,,,
1,:8.8,,,
1,-88-(,,,
1,-8-8),,,
1,-16,,,
1,-.88%),,,
1,-0.88,,,
1,-88,,,
1,88,,,
1,83Z,,,
1,83&#x;,,,
1,8:3p.,,,
1,8:3p,,,
1,(8).3p,,,
1,83,,,
1,83D9,,,
1,83B..,,,
1,83B,,,
1,(839O):,,,
1,8.39,,,
1,839988,,,
1,8399,,,
1,83983,,,
1,83.93,,,
1,8.3.93.,,,
1,839,,,
1,8&#39,,,
1,08-03-2009,,,
1,(839,,,
1,839,,,
1,8389,,,
1,83833,,,
1,8383,,,
1,8383,,,
1,838...,,,
1,83...8,,,
1,-19,,,
1,833/9/3,,,
1,8338,,,
1,8333,,,
1,833,,,
1,-833,,,
1,Aug-33,,,
1,8,,,
1,Aug-33,,,
1,83[(,,,
1,83(*_*),,,
1,83(),,,
1,83...,,,
1,83,,,
1,83//-,,,
1,83/,,,
1,83/,,,
1,83!!!!,,,
1,83:*,,,
1,8@3,,,
1,8.30%,,,
1,08:03,,,
1,08:03,,,
1,08:03,,,
1,8::.3,,,
1,8::3,,,
1,8,0.3,,
1,8-3.,,,
1,08-Mar,,,
1,8-3-,,,
1,8<3,,,
1,-83,,,
1,-8.3,,,
1,(8-3-,,,
1,(-8-3,,,
1,:8:3,,,
1,:83,,,
1,-.83:,,,
1,--8'3',,,
1,_8:3)_,,,
1,0.83,,,
1,8+,,,
1,8%.,,,
1,8%!,,,
1,8%;,,,
1,8*),,,
1,8*~,,,
1,8*,,,
1,8$,,,
1,8},,,
1,8],,,
1,8[,,,
1,8))),,,
1,8()!!,,,
1,8((><)),,,
1,8(;),,,
1,8(_),,,
1,8(_,,,
1,8'',,,
1,8....,,,
1,8...,,,
1,8.?,,,
1,8,,,
1,8/:,,,
1,8?!?!?!,,,
1,8!??,,,
1,8!?,,,
1,8:...,,,
1,8:!!!!',,,
1,8:!,,,
1,8::],,,
1,8:<<,,,
1,8,,,
1,8,,,
1,8-):,,,
1,8-',,,
1,8-!,,,
1,8-;,,,
1,-8,,,
1,8---,,,
1,8-_-,,,
1,8-|,,,
1,8_,,,
1,8|,,,
1,8>,,,
1,8~,,,
1,8^^;,,,
1,\(>8<)/,,,
1,*8*,,,
1,-8%,,,
1,(8)',,,
1,(8)...,,,
1,(8).,,,
1,(8'',,,
1,(8...,,,
1,(8.,,,
1,(8//),,,
1,(8:,,,
1,(8;,,,
1,(8,,,
1,(8-):,,,
1,(8-,,,
1,(*)8,,,
1,($.8,,,
1,(@_8:,,,
1,()8:,,,
1,()@8:,,,
1,(.8):,,,
1,(//8),,,
1,(/8,,,
1,(:8@),,,
1,(:8,,,
1,(;)8(,,,
1,(-8),,,
1,(-8,,,
1,(-8-),,,
1,(-.8%),,,
1,(--8),,,
1,(--8,,,
1,(>_<)8,,,
1,:8%,,,
1,:8),,,
1,:8.,,,
1,:8:...,,,
1,:.8(),,,
1,:.8,,,
1,::8],,,
1,::8,,,
1,:,,,
1,:-:8:,,,
1,-8%,,,
1,-8',,,
1,-8:,,,
1,-8-,,,
1,-8-,,,
1,-0.8,,,
1,"-/8""",,,
1,--8-:,,,
1,_8,,,
1,<(+8:),,,
1,<_8:,,,
1,:)3xP,,,
1,-3x9-,,,
1,:3X!!,,,
1,-3x,,,
1,:3@Vo,,,
1,(3-P,,,
1,-3P,,,
1,(3p,,,
1,:3p,,,
1,:3.p,,,
1,:3-:p.,,,
1,<3;p,,,
1,-3ov,,,
1,<3Ooo.,,,
1,<3@Oo,,,
1,<3.O>-/,,,
1,#NAME?,,,
1,>3<)+o*,,,
1,<3(@o,,,
1,(`)3D,,,
1,(:39p,,,
1,-39D,,,
1,(399):,,,
1,-398,,,
1,(398,,,
1,:3-9:3,,,
1,_393,,,
1,-39%,,,
1,-39,,,
1,(3:9),,,
1,(_39):,,,
1,(39,,,
1,:39:,,,
1,:39,,,
1,_39,,,
1,::3.83,,,
1,-38%,,,
1,(38):,,,
1,-38,,,
1,(:38),,,
1,(--38,,,
1,:38.,,,
1,:38:,,,
1,:3.8,,,
1,:3~　8,,,
1,-3.8,,,
1,38,,,
1,(339,,,
1,:339**,,,
1,_3389,,,
1,-330,,,
1,(3-3-8,,,
1,>33333,,,
1,<3333.,,,
1,(3)-33,,,
1,(333,,,
1,:3<33,,,
1,:333,,,
1,<3<3<3.,,,
1,*33,,,
1,-33%,,,
1,-33,,,
1,(3)(3),,,
1,(3)=3,,,
1,(3::3,,,
1,(3-3),,,
1,(3--3,,,
1,(*-3)=3,,,
1,(33,,,
1,::3:3:,,,
1,::33,,,
1,;33;,,,
1,-$3.3,,,
1,==33,,,
1,<33||,,,
1,<3;;)3,,,
1,<3___<3,,,
1,<3_<3,,,
1,<<33,,,
1,\3\\,,,
1,\3,,,
1,\3,,,
1,\\3,,,
1,\3,,,
1,*)3,,,
1,-3%,,,
1,(3)),,,
1,(3)()(),,,
1,(3)'.,,,
1,(3...,,,
1,"(3//).""",,,
1,(3/,,,
1,(3--),,,
1,(3`),,,
1,(#3):,,,
1,(#3),,,
1,(*3*),,,
1,(*3),,,
1,(**)3(),,,
1,(**)3,,,
1,()3...,,,
1,()3:,,,
1,()#3,,,
1,()(3),,,
1,()()(3),,,
1,()_(3,,,
1,()=3,,,
1,((((:3,,,
1,"(""""3)",,,
1,('`)3,,,
1,(/3)],,,
1,(:3[,,,
1,(;)3,,,
1,(-3),,,
1,(_)3`),,,
1,(=3,,,
1,(<3,,,
1,(~3)~,,,
1,(^-^)3,,,
1,(^^)3,,,
1,(^^3,,,
1,(`3)(),,,
1,(`3),,,
1,:3%,,,
1,:3],,,
1,:3[],,,
1,:3.,,,
1,:3/,,,
1,:3:],,,
1,:3--,,,
1,:$<3,,,
1,:)3,,,
1,:(:3,,,
1,::3),,,
1,::3//,,,
1,:,,,
1,:-)<3,,,
1,:-3,,,
1,;3;,,,
1,;'3,,,
1,-3+.,,,
1,-3%,,,
1,"-3*""",,,
1,-3],,,
1,-3...,,,
1,-3?!,,,
1,-3?,,,
1,-3!,,,
1,-3:),,,
1,-3:,,,
1,-3,,,
1,#NAME?,,,
1,-3-.,,,
1,-3-!,,,
1,-3-:,,,
1,-3-;,,,
1,-3,,,
1,-3,,,
1,-.3:,,,
1,-._3,,,
1,-:3,,,
1,--<3!!!,,,
1,_()3,,,
1,_(3,,,
1,>3<////,,,
1,=3　,,,
1,=3),,,
1,<3*,,,
1,<3),,,
1,<3),,,
1,<3(:,,,
1,<3...,,,
1,<3.>-,,,
1,<3/,,,
1,<3!!!!!,,,
1,<3!!!,,,
1,<3!:),,,
1,<3:-*,,,
1,<3:,,,
1,"<\3!""""",,,
1,<'3,,,
1,<'3,,,
1,"</3""",,,
1,</3...,,,
1,<///3,,,
1,<>3,,,
1,^(*)=3,,,
1,^_<3,,,
1,"^^""@3:",,,
1,\　,,,
1,\\\\;,,,
1,\\.,,,
1,\),,,
1,\(*)/,,,
1,\(*^^*),,,
1,\()/.,,,
1,"\()-""",,,
1,\(),,,
1,\('',,,
1,\('!)/,,,
1,\(!)/,,,
1,\(!')/,,,
1,\(^)/,,,
1,\(^.^)/,,,
1,\(^^)-,,,
1,"\(`)/""",,,
1,\(`)>,,,
1,\(`,,,
1,"\""?",,,
1,"\"":...",,,
1,\...,,,
1,\../,,,
1,\../,,,
1,\./,,,
1,\/\/,,,
1,\/(),,,
1,\?,,,
1,\:/,,,
1,\,,/,
1,\-__-/,,,
1,\_()>,,,
1,*　*,,,
1,*　,,,
1,*+-:,,,
1,*+,,,
1,*%,,,
1,*&*,,,
1,*\/*,,,
1,****　,,,
1,***(,,,
1,***...,,,
1,***,,,
1,**)))),,,
1,**(*),,,
1,**..**,,,
1,**...**,,,
1,**..,,,
1,**?,,,
1,**!!!,,,
1,**!,,,
1,**:/,,,
1,**:,,,
1,**,,,
1,**-_-,,,
1,*}},,,
1,*)#,,,
1,*)))),,,
1,*)),,,
1,*(#,,,
1,*(*),,,
1,*(*`*),,,
1,*()*,,,
1,*(?),,,
1,*(><)*(,,,
1,*(,,,
1,"*""@_:",,,
1,*'#,,,
1,*''*,,,
1,*''),,,
1,*.+(),,,
1,*...],,,
1,"*....""",,,
1,*.....,,,
1,*.:　,,,
1,*!*,,,
1,*!!!*,,,
1,*!!!!,,,
1,*:$',,,
1,*:(*,,,
1,*:(,,,
1,*:.**,,,
1,*:....`,,,
1,*:..:*(,,,
1,*:,,,
1,*;),,,
1,*,,,
1,*,,,
1,*-*),,,
1,"*-*"":",,,
1,*-*...,,,
1,*-*.,,,
1,*-*!,,,
1,*--*',,,
1,*-_-*,,,
1,*_*',,,
1,*_____*,,,
1,*=*,,,
1,*~~~*,,,
1,*^^*　,,,
1,*`*),,,
1,*`*,,,
1,*`))),,,
1,*`)(**),,,
1,*`)(,,,
1,*`),,,
1,(　*,,,
1,(　((,,,
1,(　,,,
1,(　_),,,
1,(++;;,,,
1,(++,,,
1,(+%):,,,
1,(+%),,,
1,(+()+`),,,
1,(+.,,,
1,(##),,,
1,(##_##),,,
1,(#)),,,
1,(#,,,
1,(#-,,,
1,(#-,,,
1,(#^.^#,,,
1,(&),,,
1,(&;.&;),,,
1,(&;.|,,,
1,(&;.,,,
1,(&,,,
1,(*****),,,
1,(***),,,
1,(**)#,,,
1,(**)((,,,
1,"(**)""",,,
1,(**)/(,,,
1,(**)/,,,
1,(**)?,,,
1,(**)!?(,,,
1,(**)~,,,
1,(*)**,,,
1,(*)[],,,
1,(*)(**),,,
1,(*)(;)!,,,
1,(*)(;),,,
1,(*)(`),,,
1,"(*)""@_:",,,
1,(*)...,,,
1,(*)/,,,
1,(*)?,,,
1,(*)!!!,,,
1,(*)-,,,
1,(*)_(*),,,
1,(*)~,,,
1,(*(*),,,
1,(*(,,,
1,(*'),,,
1,(*''*,,,
1,(*''),,,
1,(*'-'*),,,
1,(*'`*),,,
1,(*.*),,,
1,(*/,,,
1,(*;;*),,,
1,(*--),,,
1,(*--`),,,
1,(*-`*),,,
1,(*_*)(),,,
1,(*_*)(,,,
1,(*_*)??,,,
1,(*_*,,,
1,(*_,,,
1,(*|,,,
1,(*>,,,
1,(*^_^*,,,
1,(*^_,,,
1,(*^^*)!,,,
1,(*^^*)-,,,
1,(*^^)(),,,
1,(*^,,,
1,(*`*)(),,,
1,(*`*);;,,,
1,(*`*,,,
1,(*`)[],,,
1,(*`))),,,
1,(*`)(),,,
1,(*`)/,,,
1,(*``*),,,
1,(*`,,,
1,($),,,
1,($.),,,
1,($,,,
1,(@*`),,,
1,(@@??,,,
1,(@@,,,
1,(@)...,,,
1,(@)!!(),,,
1,(@):,,,
1,(@_@;),,,
1,(@_@;;),,,
1,"(@_)""",,,
1,(@__,,,
1,"({})""",,,
1,({),,,
1,()　@,,,
1,()　[],,,
1,()　(,,,
1,()　//,,,
1,()　^^,,,
1,()+,,,
1,()\()/,,,
1,()\('',,,
1,()@:,,,
1,()[][],,,
1,()[::],,,
1,()(　),,,
1,()(*/*),,,
1,()()　,,,
1,()()(+),,,
1,()()(*),,,
1,()()()(,,,
1,()().,,,
1,()()-,,,
1,()((((,,,
1,()(''*),,,
1,()(''),,,
1,()(.),,,
1,()(!`),,,
1,()(;;),,,
1,()(;_),,,
1,()(-,,,
1,()(_)(),,,
1,()(_`),,,
1,()(^),,,
1,()(^^*,,,
1,()(^^)/,,,
1,()(^^;;,,,
1,()(^^;,,,
1,()(`)/,,,
1,()(`)-,,,
1,"()""(><)",,,
1,"()"":",,,
1,()'),,,
1,().-,,,
1,()/()??,,,
1,()/(.),,,
1,"()/(_"")",,,
1,()/(,,,
1,()//(),,,
1,()/////,,,
1,()////,,,
1,()/!,,,
1,()/~~,,,
1,()?(),,,
1,()????,,,
1,()!!!(),,,
1,():.+,,,
1,():.,,,
1,():/,,,
1,();*,,,
1,()--)),,,
1,"()-<_"")",,,
1,()-<~),,,
1,()-<,,,
1,()-~~,,,
1,()>(),,,
1,()><%,,,
1,()><^^,,,
1,()<!!,,,
1,()<,,,
1,()~:*,,,
1,()^^(),,,
1,()`)),,,
1,()`'(),,,
1,((**)),,,
1,((*),,,
1,(())!!,,,
1,(()()),,,
1,(()(;;),,,
1,"(()"")",,,
1,"(()""",,,
1,(()')(),,,
1,(()`),,,
1,(((*),,,
1,(((),,,
1,((((),,,
1,(((((*),,,
1,((((((),,,
1,((((((,,,
1,(((((:,,,
1,(((-),,,
1,(((=,,,
1,(((`*,,,
1,((',,,
1,((....,,,
1,((...,,,
1,((//)),,,
1,((;),,,
1,((,,,
1,((-(*),,,
1,((-^^-),,,
1,((==)),,,
1,((^-^)),,,
1,((^_^)),,,
1,((`*))),,,
1,"(""))",,,
1,"("")(-)",,,
1,"("")-<_)",,,
1,"("""")",,,
1,"("".)",,,
1,"(""!).",,,
1,"("":",,,
1,"(""",,,
1,('*),,,
1,('},,,
1,(''**,,,
1,('')*,,,
1,('')('`,,,
1,(''_),,,
1,('.),,,
1,('!)$,,,
1,(',,,
1,('-'*),,,
1,('-^*)/,,,
1,('_'),,,
1,('_'?),,,
1,('|),,,
1,('^^),,,
1,(.)\('',,,
1,(.)('',,,
1,(.)(.)~,,,
1,(.)(.),,,
1,"(.)""@:",,,
1,(.)/,,,
1,(.)-<_),,,
1,(.)-,,,
1,(.)`),,,
1,"(."")/",,,
1,"(.""",,,
1,(.'),,,
1,(..).,,,
1,(..):,,,
1,(...)',,,
1,(...).,,,
1,(....),,,
1,(......,,,
1,(..,,,
1,(.;),,,
1,(.,,,
1,(._.\),,,
1,(._.'),,,
1,(._.,,,
1,(.__.),,,
1,(.___.,,,
1,(.~),,,
1,(.~,,,
1,(.^.),,,
1,(/).,,,
1,(/),,,
1,(/._.)/,,,
1,(//()),,,
1,(//.\\),,,
1,(///),,,
1,(////)!,,,
1,(//?),,,
1,(//!!).,,,
1,(//,,,
1,(/:),,,
1,(/;)(^),,,
1,(/;),,,
1,(/,,,
1,(/-*)(),,,
1,(/--)/,,,
1,(/_;,,,
1,(/_<).,,,
1,(?)　,,,
1,(?)(),,,
1,"(?)""@:",,,
1,(??,,,
1,(?-?),,,
1,(!?),,,
1,(!!__),,,
1,(!!,,,
1,(!:,,,
1,(!,,,
1,(:*,,,
1,(:$),,,
1,(:).,,,
1,(:.,,,
1,(:;),,,
1,(:-,,,
1,(:_;,,,
1,(;))`),,,
1,(;)),,,
1,(;)()(),,,
1,(;)(/,,,
1,(;)(_),,,
1,(;)(=),,,
1,(;)(^),,,
1,"(;)""",,,
1,(;)!,,,
1,(;(^^),,,
1,(;?,,,
1,(;;)　,,,
1,(;;)??,,,
1,(;;)!!,,,
1,(;;(),,,
1,(;;;;),,,
1,(;;;;;),,,
1,(;;;`),,,
1,(;;`)(,,,
1,(;,,,
1,(;-),,,
1,(;_:)?!,,,
1,(;_;)(,,,
1,(;_;)!,,,
1,(;|||,,,
1,(;>)),,,
1,(;^^),,,
1,(;`;),,,
1,(,),,
1,(,,,
1,(,,,
1,(,,,)
1,(-)\/,,,
1,(-)))-,,,
1,(-)(**),,,
1,"(-)""",,,
1,(-).,,,
1,(-)>,,,
1,(-)^_^;,,,
1,(-)^^;,,,
1,(-)^,,,
1,"(-""-;",,,
1,(-.-)/,,,
1,(-.-)-~,,,
1,(-/=),,,
1,(-:,,,
1,(-,,,
1,(-,,,
1,(--)　,,,
1,(--)(),,,
1,(--.,,,
1,(----),,,
1,(-----),,,
1,(----,,,
1,(--`*),,,
1,(--`)@,,,
1,(-_-)!!,,,
1,"(-_-"")>",,,
1,(-_-'),,,
1,"(-_-;)""",,,
1,(-_-;;,,,
1,(-__-),,,
1,(-__-),,,
1,(-__-'),,,
1,(-__-;),,,
1,(-^^),,,
1,(-`)-,,,
1,(-`),,,
1,(_*)!,,,
1,(_*(),,,
1,(_)#,,,
1,(_)(*),,,
1,(_)(),,,
1,(_)(,,,
1,(_)....,,,
1,(_)...,,,
1,(_)/('',,,
1,(_)!!,,,
1,(_):*{},,,
1,(_)<~,,,
1,(_)~~,,,
1,(_)^_^;,,,
1,"(_'!)""",,,
1,(_'!!),,,
1,(_'|),,,
1,"(_!"")",,,
1,(_;)(),,,
1,(_;)(,,,
1,(_,,,
1,(_,,,
1,(_-)(),,,
1,(_-),,,
1,(__)　,,,
1,(__,,),
1,(__`),,,
1,(_`)//,,,
1,(_`)?,,,
1,(>//<),,,
1,(>_<)&;,,,
1,(>_<)(`,,,
1,"(>_<)""",,,
1,(>_<)!,,,
1,(><*)(),,,
1,(><)(),,,
1,(><)/,,,
1,(><),,,
1,(><;),,,
1,(>^-^)>,,,
1,(>^<),,,
1,(>,,,
1,(=)(),,,
1,(=)/,,,
1,(=,,,
1,(=|,,,
1,(==　),,,
1,(==?,,,
1,(==`),,,
1,(=^_^=),,,
1,(=`=),,,
1,(<)/,,,
1,(<'')_,,,
1,(<,,,
1,(<_),,,
1,(~**)~,,,
1,(~$.),,,
1,(~)~,,,
1,(~'.')~,,,
1,(~',,,
1,"(~.)~""""",,,
1,"(~.)~""",,,
1,(~.),,,
1,(~..):,,,
1,(~-_-)~,,,
1,(~_~;,,,
1,(~^^)~,,,
1,"(~`"")",,,
1,(^*)(;),,,
1,(^*),,,
1,(^)　,,,
1,(^)(),,,
1,(^'),,,
1,(^///^,,,
1,(^!^)~,,,
1,(^-),,,
1,(^--^),,,
1,(^-^*)/,,,
1,(^-^)(),,,
1,(^-^)/!,,,
1,(^-^)<,,,
1,(^_^)(,,,
1,(^_^).,,,
1,(^<^),,,
1,(^^　),,,
1,(^^*)(),,,
1,(^^*)/,,,
1,(^^*,,,
1,(^^)+,,,
1,(^^)(/,,,
1,(^^)(_),,,
1,(^^)(^^,,,
1,(^^)(`),,,
1,"(^^)""",,,
1,(^^)/(),,,
1,(^^)///,,,
1,(^^)??,,,
1,(^^)||,,,
1,(^^)~~~,,,
1,(^^(((,,,
1,(^^:;),,,
1,(^^;)(.,,,
1,(^^`,,,
1,(`*)+,,,
1,(`*)!!,,,
1,(`)\\,,,
1,(`))`),,,
1,(`)),,,
1,(`)(*`),,,
1,(`)(=),,,
1,(`)/(*),,,
1,(`)/(),,,
1,(`)?,,,
1,(`)!!!!,,,
1,(`)-<),,,
1,(`)~,,,
1,(`(),,,
1,(`(;_;),,,
1,(`(>_<),,,
1,(`(,,,
1,(`-)-,,,
1,(`_),,,
1,(`_;),,,
1,(`==),,,
1,(`<),,,
1,(`^^),,,
1,(```),,,
1,:　　,,,
1,:　#,,,
1,:　:(,,,
1,:　:,,,
1,:+,,,
1,:%.,,,
1,:%,,,
1,:%,,,
1,:&:&:&,,,
1,:&;,,,
1,:&^^!,,,
1,:\\\,,,
1,:******,,,
1,":***""",,,
1,:**>,,,
1,:*@,,,
1,:*)),,,
1,:*()*:,,,
1,":*""@:",,,
1,:*.,,,
1,:*!,,,
1,:*:.,,,
1,:*:,,,
1,:$.,,,
1,:$??,,,
1,:$:*,,,
1,:$=)),,,
1,:@　,,,
1,:@@@@@,,,
1,:@@@@,,,
1,:@:@:@,,,
1,:@:@,,,
1,:@_,,,
1,:}},,,
1,:{),,,
1,:[[[[,,,
1,:[[,,,
1,:)　(!,,,
1,:))@,,,
1,":))""""",,,
1,":))""//",,,
1,:))...,,,
1,:)).,,,
1,:)):))),,,
1,":)""#",,,
1,":)"".",,,
1,:)!!,,,
1,:):*,,,
1,:):,,,
1,:);*,,,
1,:);),,,
1,:),,,
1,:)--,,,
1,:)-,,,
1,:)~,,,
1,:(　,,,
1,:(@,,,
1,:()　,,,
1,:()(,,,
1,:():,,,
1,:((..,,,
1,":(""@:",,,
1,":(""""",,,
1,:('',,,
1,:(....,,,
1,:(...,,,
1,:(???,,,
1,:(;):,,,
1,:(---),,,
1,:(_),,,
1,":""@",,,
1,":"")!*",,,
1,":""(((((",,,
1,":"""")!!",,,
1,":"""")",,,
1,":"""""")!.",,,
1,":""""""(",,,
1,":""""""""""(",,,
1,":""""""""""""",,,
1,":""""""""""",,,
1,":"""""""">",,,
1,":""""""",,,
1,":""'",,,
1,":"".",,,
1,":""",,,
1,":"">>",,,
1,:'&,,,
1,:'**,,,
1,:'],,,
1,:')))),,,
1,:'):'),,,
1,:'(((((,,,
1,":'(""""",,,
1,:'(....,,,
1,:'(..,,,
1,:'(:'(,,,
1,:'(=)),,,
1,":'""""""(",,,
1,":'""",,,
1,:''**,,,
1,:''*,,,
1,:'''),,,
1,:'''(((,,,
1,:'''''),,,
1,:'''''',,,
1,:''|,,,
1,:'!,,,
1,:.%,,,
1,:.(`),,,
1,:.(,,,
1,":.""",,,
1,:.....,,,
1,:....//,,,
1,:...,,,
1,:././.,,,
1,:./,,,
1,:.!!!,,,
1,:.!,,,
1,":/""",,,
1,://.,,,
1,:///::,,,
1,:/:.,,,
1,:/:/:/,,,
1,:???,,,
1,:??:))),,,
1,::),,,
1,::():(),,,
1,::(,,,
1,::',,,
1,::....,,,
1,::/,,,
1,:::.,,,
1,:::!,,,
1,::::.,,,
1,:::::::,,,
1,:::::,,,
1,:::>,,,
1,::;,,,
1,::,,,
1,::-,,,
1,::==--,,,
1,:;),,,
1,:;::,,,
1,:,,,
1,:,,,
1,:-&,,,
1,:-\,,,
1,:-@,,,
1,:-},,,
1,:-],,,
1,":-)"":",,,
1,:-).,,,
1,:-)?,,,
1,:-):,,,
1,:-((*,,,
1,":-(""",,,
1,:-(!,,,
1,":-""{",,,
1,:-.,,,
1,:--),,,
1,:--(,,,
1,:--..,,,
1,:---(,,,
1,:----*,,,
1,:-<,,,
1,:_))),,,
1,:_),,,
1,:_(,,,
1,:__,,,
1,":|""",,,
1,:|..?,,,
1,:|!,,,
1,:>>>,,,
1,:`(,,,
1,;&,,,
1,;\\,,,
1,";**""@_",,,
1,";**;"")",,,
1,;*!!,,,
1,;*!,,,
1,;$!,,,
1,;@@@,,,
1,;},,,
1,";]""",,,
1,;]...,,,
1,;[];),,,
1,;))@:,,,
1,;))))),,,
1,;)(),,,
1,";)""\\",,,
1,";)""-",,,
1,;)..,,,
1,;)?,,,
1,";)!""",,,
1,;);),,,
1,;),,,
1,;(@:,,,
1,;((((,,,
1,;(,,,
1,";"">",,,
1,";""",,,
1,;'*:$,,,
1,;'],,,
1,;')),,,
1,;')!,,,
1,";'(""",,,
1,;''),,,
1,;'/,,,
1,;'>,,,
1,;...,,,
1,;..,,,
1,;//),,,
1,;//,,,
1,;?,,,
1,;!,,,
1,;;***,,,
1,";;)""@:",,,
1,";;)""",,,
1,;;).,,,
1,;;)?,,,
1,;;)-_-,,,
1,;;(_),,,
1,;;....,,,
1,;;;;*,,,
1,;;;;??,,,
1,;;;;;;,,,
1,;;___;;,,,
1,;;~,,,
1,;;`),,,
1,;-*,,,
1,;-)...,,,
1,;-)..,,,
1,;-).,,,
1,;-)!!,,,
1,";-(""@:",,,
1,;-(,,,
1,;-/,,,
1,;-|,,,
1,;|,,,
1,;~,,,
1,#NAME?,,,
1,-++++,,,
1,-+-=,,,
1,-%.,,,
1,-#,,,
1,-&(`),,,
1,-*)-,,,
1,-*-.,,,
1,-*_*,,,
1,-]:,,,
1,-))))),,,
1,-))?)),,,
1,-)),,,
1,-)(-,,,
1,-)(<),,,
1,"-)""",,,
1,-).,,,
1,-)/,,,
1,"-)!""",,,
1,-):,,,
1,-(*`),,,
1,-()!!,,,
1,-(/),,,
1,-(?),,,
1,-(;),,,
1,-(-_-;),,,
1,-(>_<),,,
1,-(^^)/,,,
1,-(^^),,,
1,"-(`)/*""",,,
1,-(`)/*,,,
1,-(`,,,
1,"-""@_:",,,
1,"-""(",,,
1,-'',,,
1,-'!,,,
1,-',,,
1,"-.""",,,
1,-....-',,,
1,-....,,,
1,-...???,,,
1,-...!!!,,,
1,-...!!,,,
1,-..?,,,
1,-..-',,,
1,-.,,,
1,-.-@:,,,
1,"-.-""?",,,
1,"-.-'""",,,
1,-.-''',,,
1,-.-.-,,,
1,-.-!!,,,
1,-._.*,,,
1,-////-,,,
1,-??,,,
1,-?!!,,,
1,-?!,,,
1,-?-,,,
1,-!(^^),,,
1,"-!""",,,
1,-:),,,
1,-,,,
1,-,,,
1,-,,,
1,-,,-'',
1,-,,-,
1,-,"-""",,
1,-,,,
1,-,,,
1,-,-,,
1,--#,,,
1,--[],,,
1,--))),,,
1,"--)""",,,
1,--(),,,
1,--(,,,
1,"--""@",,,
1,"--"".",,,
1,"--""",,,
1,--''',,,
1,--'.,,,
1,--':,,,
1,"--.""",,,
1,--...',,,
1,--....,,,
1,--...!,,,
1,--.??,,,
1,"--.--"")",,,
1,--/.,,,
1,--???,,,
1,--??,,,
1,--?!,,,
1,--:),,,
1,--,,,
1,--,,,
1,#NAME?,,,
1,"---""@:",,,
1,---'',,,
1,---',,,
1,"---:""",,,
1,---,,,
1,----!!,,,
1,----,,,
1,-----..,,,
1,-----!,,,
1,------:,,,
1,---->>,,,
1,---===,,,
1,--|,,,
1,-->@,,,
1,"-->""@:",,,
1,-->>',,,
1,--==::,,,
1,--=,,,
1,-_*,,,
1,-_-*,,,
1,"-_-""@:",,,
1,"-_-'""",,,
1,-_-:/,,,
1,-_-:,,,
1,-_-;;;,,,
1,-_-;,,,
1,-_---,,,
1,-_-^,,,
1,#NAME?,,,
1,"-__-""",,,
1,-__-!,,,
1,-___-.,,,
1,-____-',,,
1,-____-.,,,
1,#NAME?,,,
1,-|,,,
1,->@_,,,
1,"->""@_:",,,
1,->.,,,
1,->>,,,
1,-~,,,
1,-^^+,,,
1,-^^,,,
1,-`),,,
1,-`-)-,,,
1,-`-`-`,,,
1,-`-,,,
1,_　,,,
1,_+,,,
1,_*)>,,,
1,_@,,,
1,_)　,,,
1,_)(*-,,,
1,_)(_`),,,
1,"_)""",,,
1,_);,,,
1,_)-(),,,
1,_)>　,,,
1,_)^,,,
1,_(),,,
1,_(..)_,,,
1,_(..,,,
1,_(._.)_,,,
1,_(:)_,,,
1,_(,,,
1,"_""@:",,,
1,"_"")!",,,
1,_'',,,
1,_',,,
1,_..;,,,
1,_???,,,
1,_?!!,,,
1,_!!!@:,,,
1,_!!,,,
1,_!,,,
1,_:.,,,
1,_;),,,
1,_,,???,
1,"__"")",,,
1,__!,,,
1,__,,,
1,__-_-,,,
1,___.,,,
1,___/,,,
1,___!,,,
1,_____.,,,
1,_<,,,
1,_~)?,,,
1,_^,,,
1,>$,,,
1,">""",,,
1,>',,,
1,>.,,,
1,">.>""",,,
1,>.>!@:,,,
1,>.</,,,
1,>:],,,
1,>:)<,,,
1,>:|.,,,
1,>,,,
1,>,,,
1,>,,,
1,>,,,
1,>->,,,
1,>-<,,,
1,>___<,,,
1,">_<)""@:",,,
1,">_<""/",,,
1,">_<""",,,
1,>_<!~,,,
1,>_^,,,
1,>_,,,
1,>>　,,,
1,>>(),,,
1,>>(,,,
1,>><<',,,
1,>><<,,,
1,>=(,,,
1,>=|,,,
1,>=<~,,,
1,><*~,,,
1,><),,,
1,"><""//^^",,,
1,><'),,,
1,><'',,,
1,><..,,,
1,><!!!!,,,
1,><!!,,,
1,><,,,
1,><~,,,
1,><`),,,
1,><`',,,
1,>~<,,,
1,=+.,,,
1,=****,,,
1,=*=,,,
1,=$$,,,
1,=@@,,,
1,=}},,,
1,=]].,,,
1,=]],,,
1,=[[[,,,
1,=[[,,,
1,=)***,,,
1,=)*,,,
1,=))#:-,,,
1,=))@,,,
1,"=))!!""",,,
1,=))!,,,
1,=)),,,
1,=))-=)),,,
1,=))=)),,,
1,=)..,,,
1,=).,,,
1,=(*),,,
1,=(*~~),,,
1,=(*`<),,,
1,=(),,,
1,=(',,,
1,=(=),,,
1,=(=(=,,,
1,"=""#...",,,
1,"=""$",,,
1,"=""]",,,
1,"="")",,,
1,"="">",,,
1,='],,,
1,=''],,,
1,=.%,,,
1,=.(,,,
1,=....//,,,
1,=..=',,,
1,=..=,,,
1,=.=',,,
1,=/*~/,,,
1,=/...,,,
1,=,,,
1,=,=,,
1,=,,,
1,=-?,,,
1,=-,,,
1,=____=,,,
1,=__=,,,
1,"=_=""",,,
1,=_=',,,
1,#NAME?,,,
1,=>:,,,
1,=>>,,,
1,==(!!),,,
1,==:>,,,
1,==;;,,,
1,==>>,,,
1,====(;),,,
1,====>,,,
1,====,,,
1,=<,,,
1,=~=,,,
1,=^.^=,,,
1,=^^=(),,,
1,=^^=,,,
1,"<　"""">",,,
1,<&,,,
1,<\,,,
1,<*),,,
1,<$,,,
1,<@_,,,
1,<@,,,
1,<()_/,,,
1,<('`;)>,,,
1,<(^)*(_,,,
1,<(^)>,,,
1,<(^-^<),,,
1,"<""",,,
1,<...>,,,
1,<.<,,,
1,"</""::)!",,,
1,<//,,,
1,</></?>,,,
1,<?>,,,
1,<!!(),,,
1,<!,,,
1,<:),,,
1,"<:""(",,,
1,<,,,
1,<-!;:,,,
1,<--...,,,
1,<---#,,,
1,<---...,,,
1,<-->,,,
1,<-<,,,
1,<>.,,,
1,<><>,,,
1,<==',,,
1,<====,,,
1,"<<""_:",,,
1,<<====,,,
1,<<=,,,
1,"<<<""",,,
1,"<<<<<""",,,
1,<~~~~~,,,
1,<~~~~,,,
1,^*),,,
1,^$^,,,
1,^[]^,,,
1,^)#,,,
1,^)*,,,
1,^)/,,,
1,^)---,,,
1,^)>,,,
1,^(^.^),,,
1,^.*,,,
1,^.-,,,
1,^.<,,,
1,"^.^""",,,
1,^.^~~,,,
1,^.,,,
1,^?,,,
1,^:)^,,,
1,^;;,,,
1,^;,,,
1,^,,,
1,^-)_　,,,
1,^----^,,,
1,^-^**,,,
1,^-^)@_@,,,
1,^-^)_~,,,
1,^-^),,,
1,^-^/-,,,
1,^__*,,,
1,^_____^,,,
1,^___^~,,,
1,^_<,,,
1,^_^)/,,,
1,^_^),,,
1,^_^!,,,
1,^_^;　,,,
1,^>　,,,
1,^~,,,
1,^^　^^,,,
1,^^+',,,
1,^^*///,,,
1,^^(><),,,
1,^^',,,
1,^^....,,,
1,^^..^^,,,
1,^^.,,,
1,^^??,,,
1,^^!?,,,
1,^^!!!!,,,
1,^^;(),,,
1,^^;(^^),,,
1,^^;;;;,,,
1,^^;;;,,,
1,^^;^^;,,,
1,^^_^,,,
1,^^~!!!!,,,
1,^^^^^^^,,,
